<?xml version="1.0" encoding="utf-8"?>
<COLLADA xmlns="http://www.collada.org/2005/11/COLLADASchema" version="1.4.1" xmlns:xsi="http://www.w3.org/2001/XMLSchema-instance">
  <asset>
    <contributor>
      <author>Blender User</author>
      <authoring_tool>Blender 3.6.9 commit date:2024-02-19, commit time:16:48, hash:e958717a0c25</authoring_tool>
    </contributor>
    <created>2024-08-15T11:22:17</created>
    <modified>2024-08-15T11:22:17</modified>
    <unit name="meter" meter="1"/>
    <up_axis>Z_UP</up_axis>
  </asset>
  <library_effects>
    <effect id="Chest-effect">
      <profile_COMMON>
        <newparam sid="Chest_BaseColor_png-surface">
          <surface type="2D">
            <init_from>Chest_BaseColor_png</init_from>
          </surface>
        </newparam>
        <newparam sid="Chest_BaseColor_png-sampler">
          <sampler2D>
            <source>Chest_BaseColor_png-surface</source>
          </sampler2D>
        </newparam>
        <technique sid="common">
          <lambert>
            <emission>
              <color sid="emission">0 0 0 1</color>
            </emission>
            <diffuse>
              <texture texture="Chest_BaseColor_png-sampler" texcoord="Attribute"/>
            </diffuse>
            <reflectivity>
              <float sid="specular">1</float>
            </reflectivity>
            <index_of_refraction>
              <float sid="ior">1.45</float>
            </index_of_refraction>
          </lambert>
        </technique>
      </profile_COMMON>
    </effect>
  </library_effects>
  <library_images>
    <image id="Chest_BaseColor_png" name="Chest_BaseColor_png">
      <init_from>Chest_BaseColor.png</init_from>
    </image>
  </library_images>
  <library_materials>
    <material id="Chest-material" name="Chest">
      <instance_effect url="#Chest-effect"/>
    </material>
  </library_materials>
  <library_geometries>
    <geometry id="Cube_002-mesh" name="Cube.002">
      <mesh>
        <source id="Cube_002-mesh-positions">
          <float_array id="Cube_002-mesh-positions-array" count="783">2.136437 -2.33072 0.4544055 2.201724 -2.323135 0.7609226 1.823871 -2.309469 0.7331147 1.766067 -2.320852 0.4372081 -1.766067 0.2208518 0.4372082 -1.710309 0.1851987 -0.04504257 -2.068123 0.1860136 -0.06174767 -2.136437 0.2307209 0.4544057 1.766067 0.2208518 0.4372082 2.136437 0.2307209 0.4544057 2.068123 0.1860136 -0.06174767 1.710309 0.1851987 -0.04504257 -1.878469 -0.4829474 1.130956 -1.867304 -0.4737325 1.218386 -1.867304 -1.626267 1.218386 -1.878469 -1.617052 1.130956 -0.366582 -2.183176 0.5390107 -1.039584 -2.187085 0.5888354 -1.010249 -2.190763 0.326472 -0.3360165 -2.184002 0.2776429 1.671184 -2.160757 -0.03329861 1.725548 -2.192847 0.4392416 1.010249 -2.190763 0.326472 0.9975105 -2.172052 -0.03694796 2.095847 -2.140676 0.4738237 2.167012 -2.130599 0.7264449 2.259008 -2.148216 0.7088214 2.183988 -2.144708 0.4575217 2.023246 0.001415252 -0.0389477 2.095847 0.04067611 0.4738238 2.167012 0.03059959 0.7264449 2.227845 -0.07208061 0.9360319 2.268767 -0.252563 1.076051 2.284443 -0.4873972 1.126575 2.284443 -1.612602 1.126575 2.268767 -1.847437 1.076051 2.227845 -2.027919 0.9360317 2.023246 -2.101415 -0.0389477 -0.4155669 -0.4803386 0.9773063 -1.084523 -0.4803996 1.026938 -1.084523 -1.6196 1.026938 -0.4155669 -1.619661 0.9773063 -1.865851 -1.86521 1.077848 -1.079179 -1.874896 0.9734193 -2.284443 -1.612602 1.126575 -2.379881 -1.617287 1.146782 -2.379881 -0.4827128 1.146782 -2.284443 -0.4873972 1.126575 2.32289 -0.04754924 0.9342228 2.365866 -0.2349696 1.091086 1.904039 -1.63093 1.26461 2.309433 -1.635045 1.322926 2.309433 -0.4649553 1.322926 1.904039 -0.4690709 1.26461 1.878469 -1.617052 1.130956 1.084523 -1.6196 1.026938 1.079179 -1.874896 0.9734193 1.865851 -1.86521 1.077848 2.32289 -2.052451 0.9342224 -2.32289 -0.04754924 0.9342228 -2.305232 0.05637788 1.02936 -2.247294 0.1848521 0.7515706 -2.259008 0.04821586 0.7088214 -2.183988 0.04470825 0.4575217 -2.179632 0.1912131 0.4566085 -2.109933 0.1456618 -0.06054818 -2.111099 6.21319e-4 -0.04930162 -1.89532 -1.923748 1.201739 -1.904039 -1.63093 1.26461 -2.309433 -1.635045 1.322926 -2.295671 -1.934897 1.253404 0 -1.619661 0.9773063 0 -1.874676 0.9236871 0.4094647 -1.874676 0.9236871 0.4155669 -1.619661 0.9773063 -1.783245 -2.17844 0.7052904 -1.725548 -2.192847 0.4392416 0 -2.183176 0.5390107 0 -2.184002 0.2776429 0.3360165 -2.184002 0.2776429 0.366582 -2.183176 0.5390107 -0.4094647 -1.874676 0.9236871 -1.063518 -2.07643 0.8192884 -0.3922774 -2.074901 0.769375 1.89532 -1.923748 1.201739 2.295671 -1.934897 1.253404 -1.079179 -0.2251043 0.9734193 -1.063518 -0.02357006 0.8192884 -1.832808 -0.03695249 0.9297453 -1.865851 -0.2347898 1.077848 -1.832808 -2.063047 0.9297453 -1.827635 -2.134808 0.983734 -1.782306 -2.2655 0.721916 -2.136437 -2.33072 0.4544055 -1.766067 -2.320852 0.4372081 -1.823871 -2.309469 0.7331147 -2.201724 -2.323135 0.7609226 -0.9975103 0.072052 -0.03694796 -1.671184 0.06075668 -0.03329861 -1.725548 0.09284639 0.4392417 -1.010249 0.09076261 0.3264721 1.063518 -2.07643 0.8192884 1.832808 -2.063047 0.9297453 1.039584 -2.187085 0.5888354 1.783245 -2.17844 0.7052904 -2.023246 0.001415252 -0.0389477 -2.023246 -2.101415 -0.0389477 -2.095847 -2.140676 0.4738237 -2.167012 -2.130599 0.7264449 -2.227845 -2.027919 0.9360317 -2.268767 -1.847437 1.076051 -2.268767 -0.252563 1.076051 -2.227845 -0.07208061 0.9360319 -2.167012 0.03059959 0.7264449 -2.095847 0.04067611 0.4738238 0.4094647 -0.2253241 0.9236871 0.4155669 -0.4803386 0.9773063 1.084523 -0.4803996 1.026938 1.079179 -0.2251043 0.9734193 0.3922773 -0.0250988 0.769375 1.063518 -0.02357006 0.8192884 0.3665818 0.08317613 0.5390108 1.039584 0.08708524 0.5888354 0.3360164 0.08400297 0.277643 1.010249 0.09076261 0.3264721 -0.3288503 0.07207632 -0.03644561 -0.3360164 0.08400297 0.277643 -1.857298 -0.1955027 1.158981 -2.365866 -0.2349696 1.091086 -0.3922773 -0.0250988 0.769375 -0.4094647 -0.2253241 0.9236871 -1.039584 0.08708524 0.5888354 -1.783246 0.07844066 0.7052904 0.3922774 -2.074901 0.769375 -2.32289 -2.052451 0.9342224 -2.365866 -1.86503 1.091086 0.3288503 0.07207632 -0.03644561 0.9975103 0.072052 -0.03694796 -1.827635 0.03480768 0.9837341 0.3288505 -2.172076 -0.03644561 2.379881 -0.4827128 1.146782 1.89532 -0.1762523 1.201739 2.295671 -0.1651029 1.253404 2.257723 0.0860567 1.053739 1.86721 0.07034349 1.013524 1.783246 0.07844066 0.7052904 1.725548 0.09284639 0.4392417 1.878469 -0.4829474 1.130956 1.865851 -0.2347898 1.077848 1.832808 -0.03695249 0.9297453 2.365866 -1.86503 1.091086 1.671184 0.06075668 -0.03329861 1.823871 0.2094688 0.7331147 2.201724 0.2231349 0.7609226 1.86721 -2.170343 1.013524 2.257723 -2.186056 1.053739 1.72465 0.1770052 0.4366033 1.669662 0.1425642 -0.03975212 1.827635 0.03480768 0.9837341 1.782306 0.1655006 0.721916 1.867304 -0.4737325 1.218386 1.857298 -0.1955027 1.158981 1.867304 -1.626267 1.218386 1.827635 -2.134808 0.983734 1.857298 -1.904497 1.158981 2.111099 -2.100621 -0.04930162 2.179632 -2.291213 0.4566083 2.109933 -2.245661 -0.06054818 -1.857298 -1.904497 1.158981 -1.86721 -2.170343 1.013524 1.782306 -2.2655 0.721916 2.379881 -1.617287 1.146782 -2.358072 -0.4687486 1.286693 -2.309433 -0.4649553 1.322926 -2.295671 -0.1651029 1.253404 -2.34442 -0.180674 1.219302 2.358072 -0.4687486 1.286693 2.358072 -1.631251 1.286693 2.305232 0.05637788 1.02936 2.34442 -0.180674 1.219302 2.305232 -2.156378 1.02936 2.247294 -2.284852 0.7515706 1.710309 -2.285199 -0.04504257 2.068123 -2.286013 -0.06174767 2.259008 0.04821586 0.7088214 2.247294 0.1848521 0.7515706 2.34442 -1.919326 1.219301 2.183988 0.04470825 0.4575217 2.111099 6.21319e-4 -0.04930162 2.109933 0.1456618 -0.06054818 2.179632 0.1912131 0.4566085 0 -2.074901 0.769375 -1.904039 -0.4690709 1.26461 -0.3665818 0.08317613 0.5390108 -2.183988 -2.144708 0.4575217 -2.259008 -2.148216 0.7088214 -1.671184 -2.160757 -0.03329861 -0.9975105 -2.172052 -0.03694796 0 -2.182306 0.232962 0.2235555 -2.182306 0.232962 0.2909559 -2.172076 -0.03644561 -0.3288505 -2.172076 -0.03644561 -1.823871 0.2094688 0.7331147 -2.201724 0.2231349 0.7609226 -1.89532 -0.1762523 1.201739 -1.669662 0.1425642 -0.03975212 -1.72465 0.1770052 0.4366033 -2.257723 -2.186056 1.053739 -2.111099 -2.100621 -0.04930162 -2.109933 -2.245661 -0.06054818 -2.179632 -2.291213 0.4566083 0 -0.2096414 0.4740695 0 -0.4811339 0.5865256 -1.875491 -0.4811339 0.5865256 -1.875491 -0.2096414 0.4740695 -2.247294 -2.284852 0.7515706 -2.305232 -2.156378 1.02936 -1.72465 -2.277005 0.4366033 0 -1.618865 0.5865256 -1.875491 -1.618865 0.5865256 -1.710309 -2.285199 -0.04504257 -2.068123 -2.286013 -0.06174767 -1.782306 0.1655006 0.721916 -1.669662 -2.242564 -0.03975212 -1.86721 0.07034349 1.013524 -2.257723 0.0860567 1.053739 -2.358072 -1.631251 1.286693 -0.2909559 -2.172076 -0.03644561 -0.2235555 -2.182306 0.232962 -1.875491 -2.002814 -0.03894782 -1.875491 -0.09718561 -0.03894782 -1.875491 -0.09718561 0.202577 -1.875491 -1.890358 0.4740695 -1.875491 -2.002814 0.2025771 0 -0.09718561 0.202577 -2.34442 -1.919326 1.219301 1.72465 -2.277005 0.4366033 1.669662 -2.242564 -0.03975212 1.875491 -0.4811339 0.5865256 1.875491 -1.618865 0.5865256 1.875491 -2.002814 -0.03894782 1.875491 -2.002814 0.2025771 1.875491 -1.890358 0.4740695 1.875491 -0.2096414 0.4740695 1.875491 -0.09718561 0.202577 1.875491 -0.09718561 -0.03894782 0.2931634 -2.002814 -0.03885555 0 -1.987159 0.2403719 0.2235555 -1.987159 0.2403719 0.2328489 -2.002814 0.2025771 0 -1.890358 0.4740695 0 -0.09718561 -0.03885644 0 -0.0250988 0.769375 0 -0.2253241 0.9236871 0 -0.4803386 0.9773063 0 0.08317613 0.5390108 0 0.08400297 0.277643 0 0.07207632 -0.03644561 -0.2931634 -2.002814 -0.03885555 -0.2235555 -1.987159 0.2403719 -0.2328489 -2.002814 0.2025771</float_array>
          <technique_common>
            <accessor source="#Cube_002-mesh-positions-array" count="261" stride="3">
              <param name="X" type="float"/>
              <param name="Y" type="float"/>
              <param name="Z" type="float"/>
            </accessor>
          </technique_common>
        </source>
        <source id="Cube_002-mesh-normals">
          <float_array id="Cube_002-mesh-normals-array" count="1221">-0.1224197 -0.9923054 -0.01853275 0.07881873 -0.9955611 -0.05143582 0.04311859 -0.9709401 0.2354065 -0.153649 -0.9508314 0.2689083 -0.07883197 0.9955614 -0.05141001 0.1224325 0.992304 -0.01852256 0.1153964 0.9911489 -0.06563353 -0.08792442 0.9918289 -0.09243738 -0.1153959 0.9911489 -0.06563347 -0.1224276 0.9923051 -0.01849973 0.07882738 0.9955602 -0.05144006 0.08792716 0.9918311 -0.09241157 0.9925498 0.01211684 -0.1212361 0.9925497 -0.01210385 -0.1212381 0.9804491 0.001847922 0.1967647 0.9804896 -0.003358244 0.1965425 0.004342079 -0.9998251 -0.01819497 0.01458752 -0.9744867 0.223971 0.02568238 -0.9711989 0.2368825 -0.001078307 -0.9997423 -0.02267569 0.004975855 -0.9985061 -0.05441474 0.01177382 -0.9980326 -0.06158232 0.006791412 -0.9996936 -0.0238043 0.001078069 -0.9997423 -0.02267563 0.05794835 0.9976984 0.03521275 0.05793386 0.9976996 0.03520572 0.1344023 0.9589791 -0.2495904 0.134414 0.9589754 -0.249598 0.9764564 7.32768e-6 -0.215715 0.9764613 4.40562e-6 -0.2156929 0.9764568 5.09247e-6 -0.2157133 0.9764583 -4.26918e-6 -0.2157068 0.9764572 -1.75089e-7 -0.2157115 0.9764585 -6.56769e-6 -0.2157057 0.976459 -6.43637e-6 -0.2157032 0.9764569 2.59773e-5 -0.2157125 0.9764559 9.6485e-6 -0.215717 0.9764556 2.30894e-5 -0.2157189 0.9764569 1.72853e-6 -0.215713 0.9764541 1.508e-5 -0.2157254 0.04572063 -0.03808641 0.998228 0.0457127 0.03810369 0.9982277 0.1042424 0.03750658 0.9938445 0.1042404 -0.03751635 0.9938443 0.1296859 -0.03705364 0.9908626 0.1171159 -0.4008308 0.9086356 0.09435272 -0.4057531 0.9090996 -0.2062196 -0.03614997 -0.9778378 -0.2062174 0.03616458 -0.9778377 -0.2062137 0.03615701 -0.9778388 -0.2062188 -0.03618603 -0.9778367 0.1959196 -0.4015909 -0.8946174 0.1959003 -0.4016646 -0.8945887 0.1723968 -0.756264 -0.631145 0.1724002 -0.7563033 -0.6310971 -0.2286481 0.04207152 0.9725997 -0.2286311 -0.04208755 0.9726029 -0.04743301 -0.04498291 0.997861 -0.0474438 0.04497504 0.9978609 -0.1171119 -0.4008782 0.9086151 -0.1295034 -0.03705334 0.9908865 -0.1042351 -0.03751617 0.9938449 -0.09435427 -0.4057533 0.9090993 0.1723749 0.7562963 -0.6311125 0.1723819 0.7562768 -0.6311339 -0.9689612 0.1463638 -0.1992283 -0.9766772 0.2055865 -0.06193482 -0.9207295 0.3781475 0.09623807 -0.9232664 0.362577 -0.126954 -0.9902066 0.0129314 -0.1390098 -0.9831446 0.04038655 -0.1783137 -0.9487287 0.2605116 -0.1790184 -0.9611797 0.2293931 -0.1533375 0.03076416 -0.4286134 0.9029641 0.2151359 -0.4053246 0.8884979 0.2286297 -0.0420947 0.972603 0.04742521 -0.04495149 0.9978628 -0.04571592 -0.03808587 0.9982282 -6.27093e-6 -0.03819549 0.9992704 -9.15723e-7 -0.4124932 0.9109607 -0.04230606 -0.4118674 0.9102612 0.02854764 -0.968038 0.2491735 -0.006791412 -0.9996936 -0.02380466 -0.01456087 -0.9744968 0.2239288 -3.72311e-6 -0.974388 0.2248738 2.29571e-7 -0.9999662 -0.008224844 -0.004305303 -0.9998248 -0.01821929 0.03101861 -0.7755283 0.6305503 0.04230606 -0.4118674 0.9102612 0.06582009 -0.7670646 0.6381846 -0.2151327 -0.405282 0.8885182 -0.03076732 -0.4286499 0.9029467 0.1171154 0.4008074 0.9086459 0.09436196 0.4057264 0.9091106 0.06581538 0.7670642 0.6381857 0.08066892 0.7597772 0.6451598 0.9829065 0.06384277 0.1726816 0.9899441 0.1186839 0.07697349 0.9537692 -0.1341615 0.268933 0.9416907 -0.2394438 0.2364007 -0.04312169 -0.9709361 0.2354227 -0.0788176 -0.9955608 -0.05144345 0.1224196 -0.9923055 -0.01853328 0.1536509 -0.9508356 0.2688922 -0.001094996 0.9997454 -0.02253538 -0.00512284 0.9985087 -0.05435335 -0.01175868 0.9980295 -0.06163632 -0.006786406 0.9996937 -0.0238009 -0.08066803 -0.75977 0.6451685 -0.06582176 -0.7670647 0.6381844 -0.02854752 -0.968038 0.2491737 -0.02566295 -0.9711996 0.2368811 -0.9764615 6.46978e-6 -0.2156921 -0.9764612 4.5464e-6 -0.2156929 -0.9764613 -4.45964e-6 -0.2156929 -0.9764539 4.25731e-7 -0.2157266 -0.9764599 1.96695e-6 -0.2156996 -0.9764551 -2.17929e-6 -0.2157207 -0.9764615 -9.09902e-7 -0.2156918 -0.9764553 1.92388e-6 -0.2157199 -0.9764536 1.2666e-7 -0.2157279 -0.9764585 2.02842e-6 -0.2157055 -0.9764602 2.12342e-7 -0.2156978 -0.9764564 -1.54041e-6 -0.2157151 -0.09434741 0.405771 0.9090921 -0.04230481 0.4118696 0.9102603 -0.04571813 0.03810441 0.9982274 -0.1042365 0.03750634 0.9938451 -0.06581389 0.7670638 0.6381863 -0.03101456 0.7755333 0.6305444 -0.02566838 0.9711974 0.2368897 -0.01457738 0.9744907 0.2239546 0.001095592 0.9997444 -0.02258396 -0.003797292 0.9997836 -0.0204513 0.003797233 0.9997836 -0.02045136 0.002343773 0.9990777 -0.04287582 0.9940189 -0.1002474 -0.04332417 0.9684998 0.04100918 0.2456146 -0.1723968 -0.7562642 -0.6311449 -0.1959006 -0.4016649 -0.8945883 -0.1959198 -0.4015911 -0.8946174 -0.1723945 -0.7562698 -0.6311387 0.04234081 0.4118366 0.9102735 0.03104698 0.7755075 0.6305745 0.08066803 -0.75977 0.6451685 0.0256527 0.9712095 0.2368417 0.02854907 0.9680328 0.2491938 -0.03102022 -0.7755292 0.6305493 0.1294461 0.03703135 0.9908947 -0.1959071 0.4016742 -0.8945828 -0.172366 0.7562714 -0.6311448 -0.1724206 0.7562605 -0.6311427 -0.1958823 0.401613 -0.8946157 0.005122721 0.9985086 -0.05435329 -0.002343952 0.9990777 -0.04287576 0.989937 -0.1186982 0.07704305 0.9537673 0.134155 0.268943 -0.002944529 -0.9990215 -0.04412931 0.2062188 -0.03618592 -0.9778367 0.2062199 -0.03614979 -0.9778377 -0.1877217 0.7480507 0.6365382 -0.2150865 0.4053267 0.8885089 -0.03077238 0.4286826 0.902931 0.001979231 0.7788782 0.6271722 -0.02854895 0.9680327 0.2491939 0.006786406 0.9996937 -0.0238009 -0.1296858 0.03703182 0.9908635 -0.1171172 0.4008075 0.9086456 -0.08066892 0.7597772 0.6451598 0.1959075 0.4016739 -0.8945828 0.1959242 0.4016146 -0.8946058 0.01175868 0.9980295 -0.06163632 -0.1536842 0.9508274 0.2689026 0.04312145 0.9709392 0.2354096 -0.187758 -0.7480658 0.6365096 0.001962482 -0.7788726 0.6271792 -0.9479655 0.3060635 0.0876739 -0.993327 -0.008311927 0.1150321 -0.9887717 -0.01536846 0.1486418 -0.9454604 0.2980188 0.1314901 -0.9417011 0.2394188 0.2363848 -0.9829071 -0.06383246 0.1726828 -0.9899402 -0.1187067 0.07698774 -0.9537697 0.1341646 0.26893 -0.9684213 0.04017651 0.2460609 -0.994019 -0.1002472 -0.04332417 -0.9925498 -0.01215076 -0.1212329 -0.9804491 0.001853585 0.1967642 -0.9925498 0.01211684 -0.1212359 -0.9804664 -0.001833438 0.1966785 -0.9684267 -0.04016518 0.2460417 -0.9940236 0.1001868 -0.04335528 -0.9899441 0.1186838 0.07697349 -0.9537676 -0.1341518 0.2689439 0.9608583 -0.2292177 -0.1555978 0.9902046 -0.01293599 -0.1390228 0.983146 -0.0403884 -0.1783058 0.9487376 -0.2604789 -0.179019 0.9684972 -0.04102849 0.2456216 0.1877553 -0.7480491 0.63653 -0.9829066 0.06384235 0.1726812 -0.9415534 -0.2392975 0.2370951 0.2062175 0.03616464 -0.9778377 0.206214 0.03615713 -0.9778386 -0.9246739 0.2405075 0.2951853 -0.9275472 0.02577483 0.3728161 0.04743111 0.04492282 0.9978639 0.03076601 0.4286102 0.9029656 0.9275295 -0.02577328 0.3728603 0.9883964 -0.01585447 0.1510673 0.9883962 0.01588058 0.1510656 0.9275464 0.025765 0.3728191 0.9249314 0.2383186 0.2961521 0.9859499 0.1459196 0.08130347 0.9766772 0.2055867 -0.06193482 0.9207356 0.3781265 0.09626138 0.9235116 -0.3622875 -0.1259923 0.9689674 -0.1463474 -0.1992099 0.9766849 -0.2055695 -0.06186878 0.9207335 -0.378134 0.09625345 -0.1154294 -0.9911457 -0.0656228 0.08790576 -0.9918329 -0.09241402 0.9689612 0.1463637 -0.1992282 0.9232578 0.3625872 -0.1269866 0.9859485 -0.1459271 0.08130776 0.9246902 -0.2404713 0.2951638 0.9487311 0.2605123 -0.1790053 0.9831446 0.0403856 -0.1783137 0.9902037 0.01297545 -0.1390264 0.9612694 0.2294328 -0.1527146 0.134419 -0.9589777 -0.2495865 0.1344121 -0.9589845 -0.2495638 0.05794954 -0.997698 0.03522408 0.05793333 -0.9976986 0.035232 0.03002429 -0.9965649 0.07718157 0.03001934 -0.9965649 0.07718294 0.03004163 0.9965646 0.07717984 0.03002959 0.9965648 0.07718074 -8.23522e-7 -0.775961 0.630781 0.2286474 0.04207718 0.9725996 0.01457786 0.9744907 0.2239544 -0.1344452 0.9589738 -0.2495873 -0.05793386 0.9976996 0.03520572 -0.05794829 0.9976984 0.03521275 -0.1344324 0.9589796 -0.2495718 -0.01177382 -0.9980326 -0.0615822 -0.004901587 -0.9984998 -0.05453824 0.994023 0.1002094 -0.04331642 0 -0.99928 -0.03794234 0 -0.99928 -0.03794264 0 -0.9992799 -0.03794342 0.002938985 -0.9990237 -0.04408186 -0.04312932 0.9709301 0.2354455 0.1536821 0.9508217 0.2689236 0.2150838 0.4052916 0.8885257 0.9887718 -0.01536822 0.1486418 0.993327 -0.008312463 0.115032 0.9480493 0.3060084 0.0869565 0.9454621 0.2980212 0.1314718 -0.001959979 -0.7788822 0.6271674 -0.983146 -0.0403884 -0.1783058 -0.9902047 -0.01293587 -0.1390229 -0.9612732 -0.2294146 -0.1527183 -0.9487417 -0.2604819 -0.1789926 0 -0.707107 -0.7071066 9.95956e-6 -0.07953482 -0.9968321 0 -0.0795713 -0.9968292 -0.9766849 -0.2055697 -0.06186878 -0.9689675 -0.1463474 -0.19921 -0.9232657 -0.362574 -0.1269664 -0.9207339 -0.3781321 0.09625577 0.9454499 -0.2980528 0.1314882 5.77793e-6 0.07954519 -0.9968314 5.57774e-5 0.07956796 -0.9968295 -0.08790504 -0.9918329 -0.09241348 0.1154297 -0.9911456 -0.06562322 -0.05794954 -0.997698 0.03522408 -0.1344371 -0.9589834 -0.2495551 -0.1344133 -0.9589731 -0.2496073 -0.05793321 -0.9976986 0.03523284 0.9829071 -0.06383216 0.1726827 0.9417012 0.2394182 0.2363848 0.9933229 0.008277237 0.1150707 0.9887698 0.0153619 0.148655 0.9479976 -0.3060457 0.08738762 0.1877231 0.7480634 0.6365228 -0.001980006 0.7788739 0.6271775 -0.9883962 0.015881 0.1510655 -0.9883964 -0.01585406 0.1510673 -0.927531 -0.02578812 0.3728557 -0.03002429 -0.9965649 0.07718163 -0.03001928 -0.996565 0.07718306 0 -0.9992799 -0.03794342 0 -0.99928 -0.03794264 1 -1.3112e-7 0 1 0 0 1 0 0 1 0 -3.87467e-7 1 0 -7.77005e-7 1 -3.23088e-7 -2.92637e-7 1 -2.63035e-7 2.69429e-7 1 0 0 0 -0.9767984 -0.2141609 9.33139e-6 -0.9768034 -0.2141382 -0.9859489 0.1459028 0.08134645 -0.9859464 -0.1459612 0.08127182 -0.9251177 -0.2367516 0.2968266 -0.98877 0.01536196 0.1486545 -0.94545 -0.2980524 0.1314884 -0.9933245 0.008230209 0.1150594 -0.9480479 -0.3060129 0.08695679 0 -0.0795713 -0.9968292 0 0.0795679 -0.9968295 -1 0 -3.30176e-7 -1 -1.29503e-7 0 -1 0 0 -1 1.81453e-7 0 -1 0 0 -1 0 -5.59756e-7 -1 1.79428e-6 -4.72771e-7 -1 -2.1945e-6 0 -9.49494e-6 -0.9767984 -0.2141609 0 -0.7071071 -0.7071065 -0.03002959 0.9965649 0.07718068 -0.03004163 0.9965645 0.07717978 -0.01017057 0.005050063 -0.9999356 -0.01017504 0.00505644 -0.9999355 -0.01018118 0.005068957 -0.9999354 -0.006768286 7.65415e-4 -0.9999769 -0.00670129 7.31349e-4 -0.9999773 -0.0101757 0.005060553 -0.9999355 -0.01017713 0.005065441 -0.9999354 -0.01017534 0.005065619 -0.9999355 -0.01018941 0.005076467 -0.9999353 -0.01018857 0.005075871 -0.9999353 -0.01017284 0.005073964 -0.9999355 -0.01018768 0.005086719 -0.9999353 0 0.0379433 -0.99928 0 0.03794336 -0.9992799 0 0.0379433 -0.9992799 0 0.0379433 -0.9992799 0 1 0 0 1 1.05317e-6 0 0.9739378 -0.2268157 0 0.9739141 -0.2269173 -0.9701427 0.009201824 -0.2423602 -0.9701426 0.009202539 -0.2423608 -0.9701424 0.009202659 -0.2423616 -0.9701418 0.009202897 -0.2423641 -0.9701429 0.009201288 -0.2423596 0 0.7046066 -0.7095982 -4.00348e-7 0.9238793 -0.3826842 0 0.9238793 -0.3826842 -1.70467e-7 0.7045896 -0.7096151 0 -1 0 -3.19042e-7 0.4125342 0.9109421 0 0.775932 0.6308165 -3.11681e-6 0.0381838 0.9992708 -1.546e-7 0.974376 0.2249258 3.17057e-7 0.999827 -0.01860088 0 0.9992799 -0.03794485 -0.00501275 -0.001434445 -0.9999864 -0.005034089 -0.0014503 -0.9999863 -7.19507e-7 -0.001439392 -0.9999991 -7.7477e-7 -0.001440823 -0.9999991 -0.005021452 -0.001457273 -0.9999864 -0.005017638 -0.001431822 -0.9999864 -0.005022466 -0.001447975 -0.9999864 -0.005014419 -0.001427233 -0.9999865 -0.005009949 -0.001429736 -0.9999865 -0.005024552 -0.001450359 -0.9999864 -0.005030751 -0.001458466 -0.9999863 -0.00500071 -0.001442253 -0.9999865 0.01017487 0.005056321 -0.9999355 0.01017504 0.0050565 -0.9999355 0.010181 0.005071043 -0.9999353 0.01019501 0.005063474 -0.9999352 0.01017117 0.005058407 -0.9999355 0.01018065 0.005065798 -0.9999355 0.01017946 0.005066394 -0.9999355 0.01018053 0.005078494 -0.9999353 0.01018291 0.005066215 -0.9999354 0.01017564 0.005063235 -0.9999354 0.00670892 6.73294e-4 -0.9999774 0.006714165 6.78302e-4 -0.9999773 0 0.0379433 -0.9992799 0 0.9739378 -0.2268156 0 1 1.2482e-6 0 1 0 1.8727e-5 0.9739141 -0.2269173 0.9701424 0.009202659 -0.2423614 0.9701427 0.009202539 -0.2423607 0.9701427 0.009201884 -0.2423603 0.9701429 0.009201407 -0.2423599 0.9701418 0.009202897 -0.2423642 4.88777e-7 0.704576 -0.7096285 4.00348e-7 0.9238793 -0.3826842 0.00501275 -0.001434445 -0.9999864 0.00500071 -0.001442313 -0.9999865 0.005030691 -0.001458466 -0.9999863 0.005024552 -0.001450359 -0.9999864 0.005009949 -0.001429736 -0.9999865 0.005014419 -0.001427233 -0.9999865 0.005022406 -0.001447975 -0.9999864 0.005017399 -0.001431822 -0.9999865 0.005022644 -0.001457154 -0.9999864 0.005034089 -0.0014503 -0.9999863</float_array>
          <technique_common>
            <accessor source="#Cube_002-mesh-normals-array" count="407" stride="3">
              <param name="X" type="float"/>
              <param name="Y" type="float"/>
              <param name="Z" type="float"/>
            </accessor>
          </technique_common>
        </source>
        <source id="Cube_002-mesh-map-0">
          <float_array id="Cube_002-mesh-map-0-array" count="3108">0.8758097 0.3549479 0.9055529 0.3614812 0.9065477 0.3872032 0.9065477 0.3872032 0.8763445 0.3797228 0.8758097 0.3549479 0.3098646 0.2569883 0.3396077 0.2635216 0.3374055 0.3031414 0.3374055 0.3031414 0.3082108 0.2994878 0.3098646 0.2569883 0.03561472 0.2063969 0.03781723 0.2460168 0.008073985 0.2525501 0.008073985 0.2525501 0.006420195 0.2100505 0.03561472 0.2063969 0.4572073 0.7995837 0.3640542 0.799583 0.3632977 0.7923868 0.3632977 0.7923868 0.4579646 0.7923874 0.4572073 0.7995837 0.3495091 0.6984558 0.3520197 0.6770108 0.4072988 0.6729394 0.4072988 0.6729394 0.4048893 0.6944777 0.3495091 0.6984558 0.2399758 0.7242145 0.1846415 0.7238689 0.1801761 0.6852351 0.1801761 0.6852351 0.2389295 0.6944777 0.2399758 0.7242145 0.8968518 0.4825183 0.8894965 0.48276 0.8908311 0.4613086 0.8908311 0.4613086 0.898507 0.4610515 0.8968518 0.4825183 0.6927186 0.929198 0.5199962 0.9291969 0.5167737 0.8869808 0.6927186 0.929198 0.5167737 0.8869808 0.5176035 0.8661317 0.6927186 0.929198 0.5176035 0.8661317 0.5260393 0.8488318 0.6927186 0.929198 0.5260393 0.8488318 0.540865 0.8372739 0.6927186 0.929198 0.540865 0.8372739 0.5601543 0.8331022 0.6927186 0.929198 0.5601543 0.8331022 0.6525765 0.8331028 0.6927186 0.929198 0.6525765 0.8331028 0.6718649 0.8372748 0.6927186 0.929198 0.6718649 0.8372748 0.6866881 0.848833 0.6927186 0.929198 0.6866881 0.848833 0.6951202 0.8661329 0.6951202 0.8661329 0.6959456 0.886982 0.6927186 0.929198 0.813631 0.1218256 0.7200492 0.1218256 0.7200543 0.06687879 0.7200543 0.06687879 0.8136259 0.06687885 0.813631 0.1218256 0.8136259 0.06687885 0.8134167 0.001665592 0.8337998 0.002702057 0.8337998 0.002702057 0.8345955 0.06731778 0.8136259 0.06687885 0.8861802 0.4649322 0.8861801 0.5573534 0.8783411 0.5577302 0.8783411 0.5577302 0.8783411 0.4645395 0.8861802 0.4649322 0.9761559 0.4041906 0.9681802 0.4056416 0.9648191 0.3908719 0.9648191 0.3908719 0.9726259 0.3888577 0.9761559 0.4041906 0.9426036 0.6386665 0.9426036 0.7340994 0.9093053 0.7344374 0.9093053 0.7344374 0.9093053 0.6383285 0.9426036 0.6386665 0.8337998 0.3092169 0.8134167 0.3102533 0.813626 0.2450401 0.813626 0.2450401 0.8345955 0.2446011 0.8337998 0.3092169 0.898507 0.4610515 0.8908311 0.4613086 0.8921639 0.443858 0.8921639 0.443858 0.8998039 0.4422522 0.898507 0.4610515 0.704646 0.849936 0.7125139 0.8685391 0.7039769 0.876327 0.7039769 0.876327 0.6934226 0.85343 0.704646 0.849936 0.7085508 0.7874619 0.7049317 0.82919 0.692898 0.8291088 0.692898 0.8291088 0.6966374 0.7865367 0.7085508 0.7874619 0.7178617 0.9329572 0.7187774 0.9000732 0.7428289 0.9007893 0.7428289 0.9007893 0.742491 0.9340876 0.7178617 0.9329572 0.813631 0.1900933 0.813631 0.1559594 0.8345775 0.1559594 0.8345775 0.1559594 0.8345775 0.1895921 0.813631 0.1900933 0.4072988 0.6729394 0.4683817 0.6633505 0.4636425 0.6852351 0.4636425 0.6852351 0.4048893 0.6944777 0.4072988 0.6729394 0.291799 0.6770108 0.3219094 0.6770108 0.3219094 0.6984558 0.3219094 0.6984558 0.2943096 0.6984558 0.291799 0.6770108 0.8510235 0.1237385 0.8345775 0.1223268 0.8345955 0.06731778 0.8345955 0.06731778 0.851149 0.06860417 0.8510235 0.1237385 0.9426036 0.7340994 0.9433197 0.7581509 0.9104357 0.7590667 0.9104357 0.7590667 0.9093053 0.7344374 0.9426036 0.7340994 0.6998804 0.002702057 0.6990848 0.06731772 0.6825311 0.06860417 0.6825311 0.06860417 0.6836304 0.005416095 0.6998804 0.002702057 0.5033216 0.834405 0.4938419 0.8160428 0.4997363 0.8116015 0.4997363 0.8116015 0.5104725 0.8330383 0.5033216 0.834405 0.1665287 0.4263778 0.1922507 0.4273726 0.1987841 0.4571159 0.1987841 0.4571159 0.1740092 0.4565811 0.1665287 0.4263778 0.2356614 0.7917004 0.2346151 0.7619636 0.2899494 0.7623092 0.2899494 0.7623092 0.2944147 0.800943 0.2356614 0.7917004 0.8500499 0.3065028 0.8337998 0.3092169 0.8345955 0.2446011 0.8345955 0.2446011 0.8511491 0.2433148 0.8500499 0.3065028 0.175437 0.6633505 0.171366 0.6444645 0.2345541 0.6535808 0.2345541 0.6535808 0.2365199 0.6729394 0.175437 0.6633505 0.1801761 0.6852351 0.175437 0.6633505 0.2365199 0.6729394 0.2365199 0.6729394 0.2389295 0.6944777 0.1801761 0.6852351 0.2094131 0.889198 0.2061905 0.9314141 0.03346812 0.9314152 0.2094131 0.889198 0.03346812 0.9314152 0.03024107 0.8891991 0.2094131 0.889198 0.03024107 0.8891991 0.03106653 0.8683502 0.2094131 0.889198 0.03106653 0.8683502 0.03949862 0.8510501 0.2094131 0.889198 0.03949862 0.8510501 0.05432182 0.839492 0.2094131 0.889198 0.05432182 0.839492 0.07361024 0.8353199 0.2094131 0.889198 0.07361024 0.8353199 0.1660324 0.8353193 0.2094131 0.889198 0.1660324 0.8353193 0.1853217 0.8394911 0.2094131 0.889198 0.1853217 0.8394911 0.2001474 0.851049 0.2001474 0.851049 0.2085832 0.868349 0.2094131 0.889198 0.6990848 0.2446011 0.6991028 0.1895921 0.7200492 0.1900933 0.7200492 0.1900933 0.7200543 0.2450401 0.6990848 0.2446011 0.6825311 0.2433148 0.6826567 0.1881803 0.6991028 0.1895921 0.6991028 0.1895921 0.6990848 0.2446011 0.6825311 0.2433148 0.06729209 0.8132386 0.1225712 0.8091672 0.1204606 0.8285089 0.1204606 0.8285089 0.06532627 0.8325973 0.06729209 0.8132386 0.06970167 0.7917004 0.1250818 0.7877223 0.1225712 0.8091672 0.1225712 0.8091672 0.06729209 0.8132386 0.06970167 0.7917004 0.1802813 0.7877223 0.1796927 0.7620046 0.2346151 0.7619636 0.2346151 0.7619636 0.2356614 0.7917004 0.1802813 0.7877223 0.3640542 0.799583 0.3436714 0.8039262 0.3404448 0.7972509 0.3404448 0.7972509 0.3632977 0.7923868 0.3640542 0.799583 0.890829 0.4308937 0.8874678 0.4456633 0.8794922 0.4442124 0.8794922 0.4442124 0.8830223 0.4288794 0.890829 0.4308937 0.6991028 0.1223268 0.6826567 0.1237385 0.6825311 0.06860417 0.6825311 0.06860417 0.6990848 0.06731772 0.6991028 0.1223268 0.8345955 0.06731778 0.8337998 0.002702057 0.8500499 0.005416095 0.8500499 0.005416095 0.851149 0.06860417 0.8345955 0.06731778 0.3032249 0.8417136 0.2400369 0.8325973 0.238071 0.8132386 0.238071 0.8132386 0.2991539 0.8228275 0.3032249 0.8417136 0.813626 0.2450401 0.813631 0.1900933 0.8345775 0.1895921 0.8345775 0.1895921 0.8345955 0.2446011 0.813626 0.2450401 0.8345955 0.2446011 0.8345775 0.1895921 0.8510236 0.1881804 0.8510236 0.1881804 0.8511491 0.2433148 0.8345955 0.2446011 0.2345541 0.6535808 0.2896885 0.6576692 0.291799 0.6770108 0.291799 0.6770108 0.2365199 0.6729394 0.2345541 0.6535808 0.2365199 0.6729394 0.291799 0.6770108 0.2943096 0.6984558 0.2943096 0.6984558 0.2389295 0.6944777 0.2365199 0.6729394 0.7202636 0.001665592 0.7200543 0.06687879 0.6990848 0.06731772 0.6990848 0.06731772 0.6998804 0.002702057 0.7202636 0.001665592 0.8874678 0.5766617 0.890829 0.5915406 0.8830223 0.5935563 0.8830223 0.5935563 0.8794922 0.5781009 0.8874678 0.5766617 0.7200543 0.2450401 0.7200492 0.1900933 0.813631 0.1900933 0.813631 0.1900933 0.813626 0.2450401 0.7200543 0.2450401 0.07074797 0.7619636 0.1256704 0.7620046 0.1250818 0.7877223 0.1250818 0.7877223 0.06970167 0.7917004 0.07074797 0.7619636 0.3436714 0.8039262 0.3274224 0.8160416 0.3215284 0.8116003 0.3215284 0.8116003 0.3404448 0.7972509 0.3436714 0.8039262 0.2389295 0.6944777 0.2943096 0.6984558 0.2948982 0.7241734 0.2948982 0.7241734 0.2399758 0.7242145 0.2389295 0.6944777 0.977307 0.4245178 0.9694679 0.4249104 0.9681802 0.4056416 0.9681802 0.4056416 0.9761559 0.4041906 0.977307 0.4245178 0.9456287 0.5943602 0.9433198 0.614615 0.9104357 0.6136992 0.9104357 0.6136992 0.9135527 0.5930694 0.9456287 0.5943602 0.06970167 0.7917004 0.06729209 0.8132386 0.006209194 0.8228275 0.006209194 0.8228275 0.01094835 0.800943 0.06970167 0.7917004 0.6990848 0.2446011 0.7200543 0.2450401 0.7202636 0.3102533 0.7202636 0.3102533 0.6998804 0.3092169 0.6990848 0.2446011 0.6825311 0.2433148 0.6990848 0.2446011 0.6998804 0.3092169 0.6998804 0.3092169 0.6836304 0.3065028 0.6825311 0.2433148 0.9726259 0.5535345 0.964819 0.5515189 0.9681802 0.5366399 0.9681802 0.5366399 0.9761558 0.5380791 0.9726259 0.5535345 0.7202636 0.3102533 0.7200543 0.2450401 0.813626 0.2450401 0.813626 0.2450401 0.8134167 0.3102533 0.7202636 0.3102533 0.01541376 0.7623092 0.07074797 0.7619636 0.06970167 0.7917004 0.06970167 0.7917004 0.01094835 0.800943 0.01541376 0.7623092 0.9433198 0.614615 0.9426036 0.6386665 0.9093053 0.6383285 0.9093053 0.6383285 0.9104357 0.6136992 0.9433198 0.614615 0.03781723 0.2460168 0.03728246 0.2707917 0.007079124 0.278272 0.007079124 0.278272 0.008073985 0.2525501 0.03781723 0.2460168 0.06729209 0.8132386 0.06532627 0.8325973 0.002138197 0.8417136 0.002138197 0.8417136 0.006209194 0.8228275 0.06729209 0.8132386 0.9433197 0.7581509 0.9456287 0.7784059 0.9135527 0.7796964 0.9135527 0.7796964 0.9104357 0.7590667 0.9433197 0.7581509 0.8151919 0.6086109 0.8157196 0.6018915 0.854449 0.6045289 0.854449 0.6045289 0.8542337 0.6114415 0.8151919 0.6086109 0.8775821 0.6104983 0.8762153 0.6033474 0.8945775 0.5938708 0.8945775 0.5938708 0.8990188 0.5997648 0.8775821 0.6104983 0.9133682 0.5808485 0.9066928 0.5776218 0.9110361 0.557239 0.9110361 0.557239 0.9182323 0.5579956 0.9133682 0.5808485 0.8990188 0.5997648 0.8945775 0.5938708 0.9066928 0.5776218 0.9066928 0.5776218 0.9133682 0.5808485 0.8990188 0.5997648 0.9182323 0.5579956 0.9110361 0.557239 0.9110354 0.4640858 0.9110354 0.4640858 0.9182317 0.4633285 0.9182323 0.5579956 0.9133673 0.4404749 0.9066919 0.4437022 0.8945764 0.4274512 0.8945764 0.4274512 0.8990176 0.4215568 0.9133673 0.4404749 0.4968379 0.7109591 0.5087512 0.7118839 0.5051304 0.7536121 0.5051304 0.7536121 0.493097 0.7535314 0.4968379 0.7109591 0.4997363 0.8116015 0.4808182 0.7972518 0.4823982 0.7937951 0.4823982 0.7937951 0.502654 0.809212 0.4997363 0.8116015 0.8990176 0.4215568 0.8945764 0.4274512 0.8762142 0.4179715 0.8762142 0.4179715 0.8775808 0.4108206 0.8990176 0.4215568 0.9761558 0.5380791 0.9681802 0.5366399 0.9694679 0.5173316 0.9694679 0.5173316 0.977307 0.5177084 0.9761558 0.5380791 0.8619502 0.9369614 0.8382883 0.9380827 0.8385998 0.9340876 0.8385998 0.9340876 0.8632291 0.9329573 0.8619502 0.9369614 0.5473037 0.8219563 0.5484493 0.8104974 0.641641 0.810492 0.641641 0.810492 0.6427895 0.8219509 0.5473037 0.8219563 0.03728246 0.2707917 0.03779095 0.294627 0.006735026 0.3032793 0.006735026 0.3032793 0.007079124 0.278272 0.03728246 0.2707917 0.8758359 0.4035582 0.8763445 0.3797228 0.9065477 0.3872032 0.9065477 0.3872032 0.9068919 0.4122105 0.8758359 0.4035582 0.6664515 0.8163953 0.6619904 0.8058967 0.6773852 0.7929515 0.6773852 0.7929515 0.6859226 0.8007388 0.6664515 0.8163953 0.4936189 0.7778527 0.5048413 0.7743581 0.5127065 0.7929608 0.5127065 0.7929608 0.5041711 0.8007491 0.4936189 0.7778527 0.8758097 0.3549479 0.8780121 0.3153281 0.9072067 0.3189817 0.9072067 0.3189817 0.9055529 0.3614812 0.8758097 0.3549479 0.6859226 0.8007388 0.6773852 0.7929515 0.6852519 0.7743479 0.6852519 0.7743479 0.6964756 0.7778412 0.6859226 0.8007388 0.5041711 0.8007491 0.5127065 0.7929608 0.5281004 0.8059042 0.5281004 0.8059042 0.5236419 0.8164034 0.5041711 0.8007491 0.5236419 0.8164034 0.5281004 0.8059042 0.5484493 0.8104974 0.5484493 0.8104974 0.5473037 0.8219563 0.5236419 0.8164034 0.6969986 0.7535199 0.6849648 0.7536019 0.6813433 0.7118741 0.6813433 0.7118741 0.6932566 0.7109481 0.6969986 0.7535199 0.6964756 0.7778412 0.6852519 0.7743479 0.6849648 0.7536019 0.6849648 0.7536019 0.6969986 0.7535199 0.6964756 0.7778412 0.6427895 0.8219509 0.641641 0.810492 0.6619904 0.8058967 0.6619904 0.8058967 0.6664515 0.8163953 0.6427895 0.8219509 0.493097 0.7535314 0.5051304 0.7536121 0.5048413 0.7743581 0.5048413 0.7743581 0.4936189 0.7778527 0.493097 0.7535314 0.6633899 0.1843855 0.6710299 0.1859914 0.6723628 0.203442 0.6723628 0.203442 0.6646868 0.2031849 0.6633899 0.1843855 0.6646868 0.2031849 0.6723628 0.203442 0.6736972 0.2248934 0.6736972 0.2248934 0.666342 0.2246517 0.6646868 0.2031849 0.666342 0.2246517 0.6736972 0.2248934 0.6705866 0.2674252 0.6705866 0.2674252 0.6633535 0.266731 0.666342 0.2246517 0.977307 0.5177084 0.9694679 0.5173316 0.9694679 0.4249104 0.9694679 0.4249104 0.977307 0.4245178 0.977307 0.5177084 0.8998402 0.5245977 0.8926072 0.5252919 0.8894965 0.48276 0.8894965 0.48276 0.8968518 0.4825183 0.8998402 0.5245977 0.8345775 0.1895921 0.8345775 0.1559594 0.8510236 0.1559594 0.8510236 0.1559594 0.8510236 0.1881804 0.8345775 0.1895921 0.742491 0.9340876 0.7428289 0.9007893 0.8382618 0.9007893 0.8382618 0.9007893 0.8385998 0.9340876 0.742491 0.9340876 0.1827919 0.8091672 0.1802813 0.7877223 0.2356614 0.7917004 0.2356614 0.7917004 0.238071 0.8132386 0.1827919 0.8091672 0.6214743 0.1619604 0.600023 0.1632946 0.6002647 0.1559394 0.6002647 0.1559394 0.6217316 0.1542845 0.6214743 0.1619604 0.8345775 0.1559594 0.813631 0.1559594 0.813631 0.1218256 0.813631 0.1218256 0.8345775 0.1223268 0.8345775 0.1559594 0.4636425 0.6852351 0.4591772 0.7238689 0.4038429 0.7242145 0.4038429 0.7242145 0.4048893 0.6944777 0.4636425 0.6852351 0.4938419 0.8160428 0.4775909 0.8039271 0.4808182 0.7972518 0.4808182 0.7972518 0.4997363 0.8116015 0.4938419 0.8160428 0.2943096 0.6984558 0.3219094 0.6984558 0.3219094 0.7021142 0.2943096 0.6984558 0.3219094 0.7021142 0.303547 0.7021142 0.2943096 0.6984558 0.303547 0.7021142 0.2980108 0.7241734 0.2980108 0.7241734 0.2948982 0.7241734 0.2943096 0.6984558 0.3219094 0.6984558 0.3219094 0.6770108 0.3520197 0.6770108 0.3520197 0.6770108 0.3495091 0.6984558 0.3219094 0.6984558 0.3520197 0.6770108 0.3541303 0.6576692 0.4092647 0.6535807 0.4092647 0.6535807 0.4072988 0.6729394 0.3520197 0.6770108 0.6389251 0.1606279 0.6214743 0.1619604 0.6217316 0.1542845 0.6217316 0.1542845 0.6405309 0.1529878 0.6389251 0.1606279 0.8874678 0.4456633 0.8861802 0.4649322 0.8783411 0.4645395 0.8783411 0.4645395 0.8794922 0.4442124 0.8874678 0.4456633 0.3489205 0.7241734 0.3495091 0.6984558 0.4048893 0.6944777 0.4048893 0.6944777 0.4038429 0.7242145 0.3489205 0.7241734 0.8136259 0.06687885 0.7200543 0.06687879 0.7202636 0.001665592 0.7202636 0.001665592 0.8134167 0.001665592 0.8136259 0.06687885 0.3088698 0.2312663 0.3390731 0.2387467 0.3396077 0.2635216 0.3396077 0.2635216 0.3098646 0.2569883 0.3088698 0.2312663 0.8385998 0.9340876 0.8382618 0.9007893 0.8623134 0.9000732 0.8623134 0.9000732 0.8632291 0.9329573 0.8385998 0.9340876 0.3167642 0.85617 0.3194016 0.8948994 0.3126822 0.8954272 0.3126822 0.8954272 0.3098517 0.8563854 0.3167642 0.85617 0.6972319 0.9298402 0.6985225 0.8977643 0.7187774 0.9000732 0.7187774 0.9000732 0.7178617 0.9329572 0.6972319 0.9298402 0.8847662 0.8291888 0.8811427 0.7874608 0.893056 0.7865355 0.893056 0.7865355 0.8967997 0.8291075 0.8847662 0.8291888 0.659906 0.3220042 0.5058568 0.3220042 0.5058568 0.2997484 0.5058568 0.2997484 0.659906 0.2997485 0.659906 0.3220042 0.8771926 0.868538 0.8850566 0.8499349 0.8962793 0.8534287 0.8962793 0.8534287 0.8857285 0.8763258 0.8771926 0.868538 0.1665287 0.4263778 0.1740092 0.4565811 0.1501737 0.4570896 0.1501737 0.4570896 0.1415215 0.4260337 0.1665287 0.4263778 0.5114194 0.8563868 0.5104725 0.8330383 0.5140828 0.8321784 0.5140828 0.8321784 0.5150195 0.8563967 0.5114194 0.8563868 0.659906 0.2997485 0.5058568 0.2997484 0.5058569 0.2062984 0.5058569 0.2062984 0.6599061 0.2062984 0.659906 0.2997485 0.2347502 0.425719 0.2384039 0.4549134 0.1987841 0.4571159 0.1987841 0.4571159 0.1922507 0.4273726 0.2347502 0.425719 0.1826103 0.4700754 0.161159 0.4687409 0.1609019 0.4610649 0.1609019 0.4610649 0.1823687 0.4627202 0.1826103 0.4700754 0.3179458 0.8344037 0.3167642 0.85617 0.3098517 0.8563854 0.3098517 0.8563854 0.3107949 0.8330369 0.3179458 0.8344037 0.5018726 0.8949007 0.5045067 0.8561713 0.5114194 0.8563868 0.5114194 0.8563868 0.5085921 0.8954285 0.5018726 0.8949007 0.8542337 0.6114415 0.854449 0.6045289 0.8762153 0.6033474 0.8762153 0.6033474 0.8775821 0.6104983 0.8542337 0.6114415 0.8632291 0.9329573 0.8623134 0.9000732 0.8825682 0.8977643 0.8825682 0.8977643 0.8838589 0.9298403 0.8632291 0.9329573 0.8861801 0.5573534 0.8874678 0.5766617 0.8794922 0.5781009 0.8794922 0.5781009 0.8783411 0.5577302 0.8861801 0.5573534 0.3085256 0.206259 0.3395815 0.2149113 0.3390731 0.2387467 0.3390731 0.2387467 0.3088698 0.2312663 0.3085256 0.206259 0.3274224 0.8160416 0.3179458 0.8344037 0.3107949 0.8330369 0.3107949 0.8330369 0.3215284 0.8116003 0.3274224 0.8160416 0.7482591 0.8860775 0.8414508 0.8860769 0.8425972 0.8975357 0.8425972 0.8975357 0.7471114 0.8975363 0.7482591 0.8860775 0.3219094 0.6770108 0.3219094 0.6576692 0.3541303 0.6576692 0.3541303 0.6576692 0.3520197 0.6770108 0.3219094 0.6770108 0.5104725 0.8330383 0.4997363 0.8116015 0.502654 0.809212 0.502654 0.809212 0.5140828 0.8321784 0.5104725 0.8330383 0.2251423 0.4669649 0.1826103 0.4700754 0.1823687 0.4627202 0.1823687 0.4627202 0.224448 0.4597318 0.2251423 0.4669649 0.8510236 0.1559594 0.8345775 0.1559594 0.8345775 0.1223268 0.8345775 0.1223268 0.8510235 0.1237385 0.8510236 0.1559594 0.5045067 0.8561713 0.5033216 0.834405 0.5104725 0.8330383 0.5104725 0.8330383 0.5114194 0.8563868 0.5045067 0.8561713 0.3219094 0.7021142 0.3219094 0.6984558 0.3495091 0.6984558 0.3495091 0.6984558 0.3489205 0.7241734 0.3458079 0.7241734 0.3495091 0.6984558 0.3458079 0.7241734 0.3402718 0.7021142 0.3495091 0.6984558 0.3402718 0.7021142 0.3219094 0.7021142 0.8551721 0.4218263 0.8750075 0.4218263 0.8750063 0.578351 0.8551721 0.4218263 0.8750063 0.578351 0.855171 0.578351 0.8551721 0.4218263 0.855171 0.578351 0.8328747 0.569114 0.8551721 0.4218263 0.8328747 0.569114 0.8236393 0.5468142 0.8551721 0.4218263 0.8236393 0.5468142 0.8236399 0.4533631 0.8236399 0.4533631 0.8328756 0.4310632 0.8551721 0.4218263 0.921249 0.001664221 0.921249 0.1557135 0.8994376 0.1557134 0.8994376 0.1557134 0.8994376 0.001664221 0.921249 0.001664221 0.7049317 0.82919 0.704646 0.849936 0.6934226 0.85343 0.6934226 0.85343 0.692898 0.8291088 0.7049317 0.82919 0.7125139 0.8685391 0.7279096 0.8814833 0.7234491 0.8919823 0.7234491 0.8919823 0.7039769 0.876327 0.7125139 0.8685391 0.8850566 0.8499349 0.8847662 0.8291888 0.8967997 0.8291075 0.8967997 0.8291075 0.8962793 0.8534287 0.8850566 0.8499349 0.8617996 0.8814824 0.8771926 0.868538 0.8857285 0.8763258 0.8857285 0.8763258 0.8662587 0.8919813 0.8617996 0.8814824 0.8414508 0.8860769 0.8617996 0.8814824 0.8662587 0.8919813 0.8662587 0.8919813 0.8425972 0.8975357 0.8414508 0.8860769 0.7279096 0.8814833 0.7482591 0.8860775 0.7471114 0.8975363 0.7471114 0.8975363 0.7234491 0.8919823 0.7279096 0.8814833 0.2991539 0.8228275 0.238071 0.8132386 0.2356614 0.7917004 0.2356614 0.7917004 0.2944147 0.800943 0.2991539 0.8228275 0.161159 0.4687409 0.1437084 0.4674081 0.1421025 0.4597681 0.1421025 0.4597681 0.1609019 0.4610649 0.161159 0.4687409 0.8775808 0.4108206 0.8762142 0.4179715 0.8544478 0.4167864 0.8544478 0.4167864 0.8542324 0.4098737 0.8775808 0.4108206 0.3091791 0.8959201 0.3062489 0.8563953 0.3098517 0.8563854 0.3098517 0.8563854 0.3126822 0.8954272 0.3091791 0.8959201 0.8542324 0.4098737 0.8544478 0.4167864 0.8157185 0.4194205 0.8157185 0.4194205 0.8151906 0.412701 0.8542324 0.4098737 0.5058569 0.2062984 0.5058568 0.2997484 0.3518076 0.2997484 0.3518076 0.2997484 0.3518076 0.2062984 0.5058569 0.2062984 0.2982141 0.4176192 0.1416895 0.4176203 0.1416895 0.397785 0.2982141 0.4176192 0.1416895 0.397785 0.1509264 0.3754884 0.2982141 0.4176192 0.1509264 0.3754884 0.1732263 0.3662527 0.2982141 0.4176192 0.1732263 0.3662527 0.2666774 0.3662521 0.2982141 0.4176192 0.2666774 0.3662521 0.2889772 0.3754875 0.2889772 0.3754875 0.2982141 0.3977839 0.2982141 0.4176192 0.5085921 0.8954285 0.5114194 0.8563868 0.5150195 0.8563967 0.5150195 0.8563967 0.5120928 0.8959215 0.5085921 0.8954285 0.8994376 0.1557134 0.921249 0.1557135 0.921249 0.3097627 0.921249 0.3097627 0.8994375 0.3097627 0.8994376 0.1557134 0.5058568 0.2997484 0.5058568 0.3220042 0.3518075 0.3220041 0.3518075 0.3220041 0.3518076 0.2997484 0.5058568 0.2997484 0.3071821 0.832177 0.3186082 0.8092107 0.3215284 0.8116003 0.3215284 0.8116003 0.3107949 0.8330369 0.3071821 0.832177 0.3629136 0.7886434 0.4583464 0.7886441 0.4579646 0.7923874 0.4579646 0.7923874 0.3632977 0.7923868 0.3629136 0.7886434 0.3062489 0.8563953 0.3071821 0.832177 0.3107949 0.8330369 0.3107949 0.8330369 0.3098517 0.8563854 0.3062489 0.8563953 0.600023 0.1632946 0.5574912 0.1601833 0.5581854 0.1529502 0.5581854 0.1529502 0.6002647 0.1559394 0.600023 0.1632946 0.2896885 0.6576692 0.3219094 0.6576692 0.3219094 0.6770108 0.3219094 0.6770108 0.291799 0.6770108 0.2896885 0.6576692 0.8784407 0.4072103 0.8775808 0.4108206 0.8542324 0.4098737 0.8542324 0.4098737 0.8542224 0.4062736 0.8784407 0.4072103 0.9014072 0.4186391 0.8990176 0.4215568 0.8775808 0.4108206 0.8775808 0.4108206 0.8784407 0.4072103 0.9014072 0.4186391 0.9168241 0.4388949 0.9133673 0.4404749 0.8990176 0.4215568 0.8990176 0.4215568 0.9014072 0.4186391 0.9168241 0.4388949 0.8775821 0.6104983 0.8784421 0.6141111 0.8542238 0.6150443 0.8542238 0.6150443 0.8542337 0.6114415 0.8775821 0.6104983 0.9182323 0.5579956 0.9219756 0.5583796 0.916825 0.5824309 0.916825 0.5824309 0.9133682 0.5808485 0.9182323 0.5579956 0.9133682 0.5808485 0.916825 0.5824309 0.9014084 0.6026849 0.9014084 0.6026849 0.8990188 0.5997648 0.9133682 0.5808485 0.921975 0.4629467 0.9182317 0.4633285 0.9133673 0.4404749 0.9133673 0.4404749 0.9168241 0.4388949 0.921975 0.4629467 0.9182317 0.4633285 0.921975 0.4629467 0.9219756 0.5583796 0.9219756 0.5583796 0.9182323 0.5579956 0.9182317 0.4633285 0.8542337 0.6114415 0.8542238 0.6150443 0.8146989 0.6121141 0.8146989 0.6121141 0.8151919 0.6086109 0.8542337 0.6114415 0.8542224 0.4062736 0.8542324 0.4098737 0.8151906 0.412701 0.8151906 0.412701 0.8146976 0.4092003 0.8542224 0.4062736 0.8990188 0.5997648 0.9014084 0.6026849 0.8784421 0.6141111 0.8784421 0.6141111 0.8775821 0.6104983 0.8990188 0.5997648 0.9093053 0.6383285 0.9053103 0.6386401 0.9064316 0.6149781 0.9064316 0.6149781 0.9104357 0.6136992 0.9093053 0.6383285 0.6677321 0.8191258 0.6664515 0.8163953 0.6859226 0.8007388 0.6859226 0.8007388 0.688362 0.8026724 0.6677321 0.8191258 0.006735026 0.3032793 0.002569794 0.3020932 0.003286778 0.2783083 0.003286778 0.2783083 0.007079124 0.278272 0.006735026 0.3032793 0.007079124 0.278272 0.003286778 0.2783083 0.004636228 0.2534921 0.004636228 0.2534921 0.008073985 0.2525501 0.007079124 0.278272 0.9104357 0.7590667 0.9064316 0.7577877 0.9053102 0.7341258 0.9053102 0.7341258 0.9093053 0.7344374 0.9104357 0.7590667 0.501735 0.8026829 0.5041711 0.8007491 0.5236419 0.8164034 0.5236419 0.8164034 0.5223646 0.8191339 0.501735 0.8026829 0.9065477 0.3872032 0.91034 0.3872395 0.9110571 0.4110244 0.9110571 0.4110244 0.9068919 0.4122105 0.9065477 0.3872032 0.9055529 0.3614812 0.9089906 0.3624233 0.91034 0.3872395 0.91034 0.3872395 0.9065477 0.3872032 0.9055529 0.3614812 0.003081142 0.2108954 0.006420195 0.2100505 0.008073985 0.2525501 0.008073985 0.2525501 0.004636228 0.2534921 0.003081142 0.2108954 0.9053103 0.6386401 0.9093053 0.6383285 0.9093053 0.7344374 0.9093053 0.7344374 0.9053102 0.7341258 0.9053103 0.6386401 0.9089906 0.3624233 0.9055529 0.3614812 0.9072067 0.3189817 0.9072067 0.3189817 0.9105457 0.3198266 0.9089906 0.3624233 0.9182317 0.4633285 0.9110354 0.4640858 0.9066919 0.4437022 0.9066919 0.4437022 0.9133673 0.4404749 0.9182317 0.4633285 0.148068 0.01103746 0.1511806 0.01103746 0.1509993 0.02493923 0.148068 0.01103746 0.1509993 0.02493923 0.02102988 0.02493917 0.148068 0.01103746 0.02102988 0.02493917 0.008893609 0.01684039 0.148068 0.01103746 0.008893609 0.01684039 0.001677513 0.01690149 0.001677513 0.01690149 0.001773297 0.004983901 0.005207479 0.001669049 0.001677513 0.01690149 0.005207479 0.001669049 0.03459769 0.001742541 0.001677513 0.01690149 0.03459769 0.001742541 0.03793632 0.00524646 0.001677513 0.01690149 0.03793632 0.00524646 0.03781133 0.01196843 0.001677513 0.01690149 0.03781133 0.01196843 0.09314554 0.01103925 0.001677513 0.01690149 0.09314554 0.01103925 0.148068 0.01103746 0.2785841 0.468987 0.2602217 0.468987 0.2602217 0.4529553 0.2602217 0.4529553 0.2785841 0.4529553 0.2785841 0.468987 0.8961055 0.00166732 0.896098 0.1316367 0.8762919 0.1365908 0.8762919 0.1365908 0.8762919 0.00166732 0.8961055 0.00166732 0.6793349 0.2714729 0.6793349 0.2937111 0.6632944 0.2937121 0.6793349 0.2714729 0.6632944 0.2937121 0.6646971 0.2906458 0.6646971 0.2906458 0.6654496 0.2707454 0.6793349 0.2714729 0.3064268 0.2560462 0.3050774 0.23123 0.3088698 0.2312663 0.3088698 0.2312663 0.3098646 0.2569883 0.3064268 0.2560462 0.7039769 0.876327 0.7234491 0.8919823 0.7221686 0.8947128 0.7221686 0.8947128 0.7015378 0.8782607 0.7039769 0.876327 0.8544804 0.00166732 0.8762919 0.00166732 0.8762919 0.1365908 0.8544804 0.00166732 0.8762919 0.1365908 0.8732554 0.1373541 0.8544804 0.00166732 0.8732554 0.1373541 0.8732554 0.1557165 0.8732554 0.1557165 0.8544804 0.1557165 0.8544804 0.00166732 0.3518076 0.2062984 0.3518076 0.1839548 0.5058569 0.1839549 0.5058569 0.1839549 0.5058569 0.2062984 0.3518076 0.2062984 0.4808182 0.7972518 0.4579646 0.7923874 0.4583464 0.7886441 0.4583464 0.7886441 0.4823982 0.7937951 0.4808182 0.7972518 0.3388622 0.793794 0.3629136 0.7886434 0.3632977 0.7923868 0.3632977 0.7923868 0.3404448 0.7972509 0.3388622 0.793794 0.3186082 0.8092107 0.3388622 0.793794 0.3404448 0.7972509 0.3404448 0.7972509 0.3215284 0.8116003 0.3186082 0.8092107 0.9410552 0.1557135 0.9410627 0.3097627 0.921249 0.3097627 0.921249 0.3097627 0.921249 0.1557135 0.9410552 0.1557135 0.6991028 0.1559594 0.6991028 0.1895921 0.6826567 0.1881803 0.6826567 0.1881803 0.6826567 0.1559594 0.6991028 0.1559594 0.8345775 0.1223268 0.813631 0.1218256 0.8136259 0.06687885 0.8136259 0.06687885 0.8345955 0.06731778 0.8345775 0.1223268 0.3050774 0.23123 0.3043604 0.2074451 0.3085256 0.206259 0.3085256 0.206259 0.3088698 0.2312663 0.3050774 0.23123 0.7200492 0.1900933 0.6991028 0.1895921 0.6991028 0.1559594 0.6991028 0.1559594 0.7200492 0.1559594 0.7200492 0.1900933 0.7200492 0.1218256 0.6991028 0.1223268 0.6990848 0.06731772 0.6990848 0.06731772 0.7200543 0.06687879 0.7200492 0.1218256 0.1849024 0.8285089 0.1827919 0.8091672 0.238071 0.8132386 0.238071 0.8132386 0.2400369 0.8325973 0.1849024 0.8285089 0.813631 0.1900933 0.7200492 0.1900933 0.7200492 0.1559594 0.7200492 0.1559594 0.813631 0.1559594 0.813631 0.1900933 0.4092647 0.6535807 0.4724527 0.6444645 0.4683817 0.6633505 0.4683817 0.6633505 0.4072988 0.6729394 0.4092647 0.6535807 0.1204606 0.8285089 0.1225712 0.8091672 0.1526815 0.8091672 0.1526815 0.8091672 0.1526815 0.8285089 0.1204606 0.8285089 0.1225712 0.8091672 0.1250818 0.7877223 0.1526815 0.7877223 0.1526815 0.7877223 0.1526815 0.8091672 0.1225712 0.8091672 0.1250818 0.7877223 0.1256704 0.7620046 0.1526815 0.7620046 0.1526815 0.7620046 0.1526815 0.7877223 0.1250818 0.7877223 0.008893549 0.1895608 0.008893609 0.01684039 0.02102988 0.02493917 0.008893549 0.1895608 0.02102988 0.02493917 0.02102982 0.181462 0.008893549 0.1895608 0.02102982 0.181462 0.1750791 0.1814621 0.008893549 0.1895608 0.1750791 0.1814621 0.1750791 0.1953657 0.008893549 0.1895608 0.1750791 0.1953657 0.148068 0.1953657 0.008893549 0.1895608 0.148068 0.1953657 0.09314554 0.1953635 0.008893549 0.1895608 0.09314554 0.1953635 0.03781127 0.1944372 0.008893549 0.1895608 0.03781127 0.1944372 0.03793621 0.2011541 0.008893549 0.1895608 0.03793621 0.2011541 0.03459757 0.2046539 0.008893549 0.1895608 0.03459757 0.2046539 0.005207359 0.2047143 0.008893549 0.1895608 0.005207359 0.2047143 0.001773178 0.2014003 0.001773178 0.2014003 0.001677513 0.1894916 0.008893549 0.1895608 0.7428025 0.9380827 0.7191406 0.9369614 0.7178617 0.9329572 0.7178617 0.9329572 0.742491 0.9340876 0.7428025 0.9380827 0.8662587 0.8919813 0.8857285 0.8763258 0.8881647 0.8782595 0.8881647 0.8782595 0.8675362 0.8947118 0.8662587 0.8919813 0.1427075 0.4218685 0.1664925 0.4225856 0.1665287 0.4263778 0.1665287 0.4263778 0.1415215 0.4260337 0.1427075 0.4218685 0.1664925 0.4225856 0.1913087 0.4239349 0.1922507 0.4273726 0.1922507 0.4273726 0.1665287 0.4263778 0.1664925 0.4225856 0.3098646 0.2569883 0.3082108 0.2994878 0.3048718 0.2986429 0.3048718 0.2986429 0.3064268 0.2560462 0.3098646 0.2569883 0.742491 0.9340876 0.8385998 0.9340876 0.8382883 0.9380827 0.8382883 0.9380827 0.7428025 0.9380827 0.742491 0.9340876 0.2347502 0.425719 0.1922507 0.4273726 0.1913087 0.4239349 0.1913087 0.4239349 0.2339054 0.4223799 0.2347502 0.425719 0.4775909 0.8039271 0.4572073 0.7995837 0.4579646 0.7923874 0.4579646 0.7923874 0.4808182 0.7972518 0.4775909 0.8039271 0.199159 0.02493929 0.1989777 0.01103746 0.2020903 0.01103746 0.199159 0.02493929 0.2020903 0.01103746 0.2570127 0.01103931 0.199159 0.02493929 0.2570127 0.01103931 0.3123469 0.01196849 0.3123469 0.01196849 0.312222 0.00524652 0.3155606 0.001742601 0.3123469 0.01196849 0.3155606 0.001742601 0.3449508 0.001669168 0.3123469 0.01196849 0.3449508 0.001669168 0.348385 0.004984021 0.3123469 0.01196849 0.348385 0.004984021 0.3484807 0.01690161 0.3123469 0.01196849 0.3484807 0.01690161 0.3412646 0.01684045 0.3123469 0.01196849 0.3412646 0.01684045 0.3291284 0.02493929 0.3123469 0.01196849 0.3291284 0.02493929 0.199159 0.02493929 0.2602217 0.4529553 0.2602217 0.468987 0.2418591 0.468987 0.2418591 0.468987 0.2418591 0.4529553 0.2602217 0.4529553 0.8762919 0.1748423 0.896098 0.1797964 0.8961055 0.3097658 0.8961055 0.3097658 0.8762919 0.3097658 0.8762919 0.1748423 0.3422358 0.3049357 0.3422346 0.3209762 0.3199964 0.3209762 0.3199964 0.3209762 0.3192691 0.3070909 0.3391694 0.3063384 0.3199964 0.3209762 0.3391694 0.3063384 0.3422358 0.3049357 0.8762919 0.1748423 0.8762919 0.3097658 0.8544804 0.3097658 0.8544804 0.3097658 0.8544804 0.1557165 0.8732554 0.1557165 0.8544804 0.3097658 0.8732554 0.1557165 0.8732554 0.174079 0.8544804 0.3097658 0.8732554 0.174079 0.8762919 0.1748423 0.5058569 0.1839549 0.6599061 0.1839549 0.6599061 0.2062984 0.6599061 0.2062984 0.5058569 0.2062984 0.5058569 0.1839549 0.921249 0.001664221 0.9410628 0.001664221 0.9410552 0.1557135 0.9410552 0.1557135 0.921249 0.1557135 0.921249 0.001664221 0.6826567 0.1237385 0.6991028 0.1223268 0.6991028 0.1559594 0.6991028 0.1559594 0.6826567 0.1559594 0.6826567 0.1237385 0.6991028 0.1559594 0.6991028 0.1223268 0.7200492 0.1218256 0.7200492 0.1218256 0.7200492 0.1559594 0.6991028 0.1559594 0.7200492 0.1559594 0.7200492 0.1218256 0.813631 0.1218256 0.813631 0.1218256 0.813631 0.1559594 0.7200492 0.1559594 0.1526815 0.8091672 0.1827919 0.8091672 0.1849024 0.8285089 0.1849024 0.8285089 0.1526815 0.8285089 0.1526815 0.8091672 0.1526815 0.7877223 0.1802813 0.7877223 0.1827919 0.8091672 0.1827919 0.8091672 0.1526815 0.8091672 0.1526815 0.7877223 0.1526815 0.7620046 0.1796927 0.7620046 0.1802813 0.7877223 0.1802813 0.7877223 0.1526815 0.7877223 0.1526815 0.7620046 0.3291284 0.02493929 0.3412646 0.01684045 0.3412646 0.1895609 0.3412646 0.1895609 0.3484807 0.1894916 0.3483849 0.2014005 0.3412646 0.1895609 0.3483849 0.2014005 0.3449507 0.2047144 0.3412646 0.1895609 0.3449507 0.2047144 0.3155605 0.204654 0.3412646 0.1895609 0.3155605 0.204654 0.3122219 0.2011541 0.3412646 0.1895609 0.3122219 0.2011541 0.3123469 0.1944373 0.3412646 0.1895609 0.3123469 0.1944373 0.2570127 0.1953636 0.3412646 0.1895609 0.2570127 0.1953636 0.2020902 0.1953657 0.3412646 0.1895609 0.2020902 0.1953657 0.1750791 0.1953657 0.3412646 0.1895609 0.1750791 0.1953657 0.1750791 0.1814621 0.3412646 0.1895609 0.1750791 0.1814621 0.3291283 0.1814621 0.3412646 0.1895609 0.3291283 0.1814621 0.3291284 0.02493929</float_array>
          <technique_common>
            <accessor source="#Cube_002-mesh-map-0-array" count="1554" stride="2">
              <param name="S" type="float"/>
              <param name="T" type="float"/>
            </accessor>
          </technique_common>
        </source>
        <vertices id="Cube_002-mesh-vertices">
          <input semantic="POSITION" source="#Cube_002-mesh-positions"/>
        </vertices>
        <triangles material="Chest-material" count="518">
          <input semantic="VERTEX" source="#Cube_002-mesh-vertices" offset="0"/>
          <input semantic="NORMAL" source="#Cube_002-mesh-normals" offset="1"/>
          <input semantic="TEXCOORD" source="#Cube_002-mesh-map-0" offset="2" set="0"/>
          <p>3 0 0 0 1 1 1 2 2 1 2 3 2 3 4 3 0 5 7 4 6 4 5 7 5 6 8 5 6 9 6 7 10 7 4 11 11 8 12 8 9 13 9 10 14 9 10 15 10 11 16 11 8 17 15 12 18 12 13 19 13 14 20 13 14 21 14 15 22 15 12 23 19 16 24 16 17 25 17 18 26 17 18 27 18 19 28 19 16 29 23 20 30 20 21 31 21 22 32 21 22 33 22 23 34 23 20 35 27 24 36 24 25 37 25 26 38 25 26 39 26 27 40 27 24 41 37 28 42 28 29 43 29 30 44 37 28 45 29 30 46 30 31 47 37 28 48 30 31 49 31 32 50 37 28 51 31 32 52 32 33 53 37 28 54 32 33 55 33 34 56 37 28 57 33 34 58 34 35 59 37 28 60 34 35 61 35 36 62 37 28 63 35 36 64 36 37 65 37 28 66 36 37 67 25 38 68 25 38 69 24 39 70 37 28 71 41 40 72 38 41 73 39 42 74 39 42 75 40 43 76 41 40 77 40 43 78 15 44 79 42 45 80 42 45 81 43 46 82 40 43 83 47 47 84 44 48 85 45 49 86 45 49 87 46 50 88 47 47 89 49 51 90 32 52 91 31 53 92 31 53 93 48 54 94 49 51 95 53 55 96 50 56 97 51 57 98 51 57 99 52 58 100 53 55 101 57 59 102 54 60 103 55 61 104 55 61 105 56 62 106 57 59 107 26 27 108 25 26 109 36 63 110 36 63 111 58 64 112 26 27 113 62 65 114 59 66 115 60 67 116 60 67 117 61 68 118 62 65 119 66 69 120 63 70 121 64 71 122 64 71 123 65 72 124 66 69 125 70 73 126 67 74 127 68 75 128 68 75 129 69 76 130 70 73 131 74 77 132 71 78 133 72 79 134 72 79 135 73 80 136 74 77 137 17 18 138 75 81 139 76 82 140 76 82 141 18 19 142 17 18 143 80 83 144 77 84 145 78 85 146 78 85 147 79 86 148 80 83 149 83 87 150 81 88 151 43 46 152 43 46 153 82 89 154 83 87 155 50 56 156 84 90 157 85 91 158 85 91 159 51 57 160 50 56 161 89 92 162 86 93 163 87 94 164 87 94 165 88 95 166 89 92 167 75 96 168 90 97 169 91 98 170 91 98 171 92 99 172 75 96 173 96 100 174 93 101 175 94 102 176 94 102 177 95 103 178 96 100 179 100 104 180 97 105 181 98 106 182 98 106 183 99 107 184 100 104 185 102 108 186 57 59 187 56 62 188 56 62 189 101 109 190 102 108 191 104 110 192 102 108 193 101 109 194 101 109 195 103 111 196 104 110 197 21 22 198 104 110 199 103 111 200 103 111 201 22 23 202 21 22 203 114 112 204 105 113 205 106 114 206 114 112 207 106 114 208 107 115 209 114 112 210 107 115 211 108 116 212 114 112 213 108 116 214 109 117 215 114 112 216 109 117 217 110 118 218 114 112 219 110 118 220 44 119 221 114 112 222 44 119 223 47 120 224 114 112 225 47 120 226 111 121 227 114 112 228 111 121 229 112 122 230 112 122 231 113 123 232 114 112 233 118 124 234 115 125 235 116 126 236 116 126 237 117 127 238 118 124 239 120 128 240 119 129 241 115 125 242 115 125 243 118 124 244 120 128 245 122 130 246 121 131 247 119 129 248 119 129 249 120 128 250 122 130 251 124 132 252 123 133 253 121 131 254 121 131 255 122 130 256 124 132 257 126 134 258 125 135 259 97 105 260 97 105 261 100 104 262 126 134 263 12 13 264 89 136 265 127 137 266 127 137 267 13 14 268 12 13 269 112 138 270 111 139 271 128 140 272 128 140 273 59 141 274 112 138 275 130 142 276 129 143 277 87 94 278 87 94 279 86 93 280 130 142 281 43 46 282 42 45 283 90 144 284 90 144 285 82 89 286 43 46 287 88 95 288 87 94 289 131 145 290 131 145 291 132 146 292 88 95 293 55 61 294 74 77 295 73 80 296 73 80 297 56 62 298 55 61 299 56 62 300 73 80 301 133 147 302 133 147 303 101 109 304 56 62 305 101 109 306 133 147 307 80 83 308 80 83 309 103 111 310 101 109 311 103 111 312 80 83 313 79 86 314 79 86 315 22 23 316 103 111 317 12 148 318 39 42 319 86 93 320 86 93 321 89 92 322 12 148 323 110 149 324 109 150 325 134 151 326 134 151 327 135 152 328 110 149 329 117 127 330 116 126 331 74 77 332 74 77 333 55 61 334 117 127 335 137 153 336 136 154 337 123 133 338 123 133 339 124 132 340 137 153 341 89 136 342 88 155 343 138 156 344 138 156 345 127 137 346 89 136 347 22 23 348 79 86 349 139 157 350 139 157 351 23 20 352 22 23 353 140 158 354 33 159 355 32 52 356 32 52 357 49 51 358 140 158 359 144 160 360 141 161 361 142 162 362 142 162 363 143 163 364 144 160 365 124 132 366 122 130 367 145 164 368 145 164 369 146 165 370 124 132 371 118 124 372 117 127 373 147 166 374 147 166 375 148 167 376 118 124 377 120 128 378 118 124 379 148 167 380 148 167 381 149 168 382 120 128 383 58 64 384 36 63 385 35 169 386 35 169 387 150 170 388 58 64 389 147 166 390 117 127 391 55 61 392 55 61 393 54 60 394 147 166 395 151 171 396 137 153 397 124 132 398 124 132 399 146 165 400 151 171 401 141 161 402 53 55 403 52 58 404 52 58 405 142 162 406 141 161 407 8 9 408 152 172 409 153 173 410 153 173 411 9 10 412 8 9 413 122 130 414 120 128 415 149 168 416 149 168 417 145 164 418 122 130 419 84 90 420 154 174 421 155 175 422 155 175 423 85 91 424 84 90 425 157 176 426 151 177 427 146 178 428 146 178 429 156 179 430 157 176 431 159 180 432 145 181 433 149 182 434 149 182 435 158 183 436 159 180 437 161 184 438 148 185 439 147 186 440 147 186 441 160 187 442 161 184 443 158 183 444 149 182 445 148 185 446 148 185 447 161 184 448 158 183 449 160 187 450 147 186 451 54 188 452 54 188 453 162 189 454 160 187 455 164 190 456 57 191 457 102 192 458 102 192 459 163 193 460 164 190 461 167 194 462 165 195 463 27 196 464 27 196 465 166 197 466 167 194 467 91 98 468 168 198 469 67 74 470 67 74 471 169 199 472 91 98 473 163 193 474 102 192 475 104 200 476 104 200 477 170 201 478 163 193 479 150 170 480 35 169 481 34 202 482 34 202 483 171 203 484 150 170 485 175 204 486 172 205 487 173 206 488 173 206 489 174 207 490 175 204 491 177 208 492 171 209 493 140 210 494 140 210 495 176 211 496 177 208 497 152 172 498 144 160 499 143 163 500 143 163 501 153 173 502 152 172 503 154 174 504 2 3 505 1 2 506 1 2 507 155 175 508 154 174 509 179 212 510 49 213 511 48 214 512 48 214 513 178 215 514 179 212 515 181 216 516 26 217 517 58 218 518 58 218 519 180 219 520 181 216 521 3 0 522 182 220 523 183 221 524 183 221 525 0 1 526 3 0 527 178 215 528 48 214 529 184 222 530 184 222 531 185 223 532 178 215 533 180 219 534 58 218 535 150 224 536 150 224 537 186 225 538 180 219 539 186 225 540 150 224 541 171 209 542 171 209 543 177 208 544 186 225 545 190 226 546 187 227 547 188 228 548 188 228 549 189 229 550 190 226 551 185 223 552 184 222 553 187 227 554 187 227 555 190 226 556 185 223 557 176 211 558 140 210 559 49 213 560 49 213 561 179 212 562 176 211 563 166 197 564 27 196 565 26 217 566 26 217 567 181 216 568 166 197 569 48 54 570 31 53 571 30 230 572 30 230 573 184 231 574 48 54 575 184 231 576 30 230 577 29 232 578 29 232 579 187 233 580 184 231 581 187 233 582 29 232 583 28 234 584 28 234 585 188 235 586 187 233 587 171 203 588 34 202 589 33 159 590 33 159 591 140 158 592 171 203 593 165 236 594 37 237 595 24 25 596 24 25 597 27 24 598 165 236 599 73 80 600 72 79 601 191 238 602 191 238 603 133 147 604 73 80 605 69 76 606 68 75 607 192 239 608 192 239 609 173 206 610 69 76 611 193 240 612 126 134 613 100 104 614 100 104 615 131 145 616 193 240 617 108 241 618 107 242 619 194 243 620 194 243 621 195 244 622 108 241 623 72 79 624 71 78 625 41 40 626 41 40 627 81 88 628 72 79 629 76 82 630 196 245 631 197 246 632 197 246 633 18 19 634 76 82 635 90 97 636 42 247 637 168 198 638 168 198 639 91 98 640 90 97 641 79 86 642 78 85 643 198 248 644 79 86 645 198 248 646 199 249 647 79 86 648 199 249 649 200 250 650 200 250 651 139 157 652 79 86 653 78 85 654 77 84 655 16 17 656 16 17 657 19 16 658 78 85 659 16 17 660 83 87 661 82 89 662 82 89 663 17 18 664 16 17 665 109 150 666 108 241 667 195 244 668 195 244 669 134 151 670 109 150 671 111 139 672 47 47 673 46 50 674 46 50 675 128 140 676 111 139 677 201 251 678 19 16 679 18 19 680 18 19 681 197 246 682 201 251 683 40 43 684 39 42 685 12 148 686 12 148 687 15 44 688 40 43 689 203 252 690 202 253 691 4 5 692 4 5 693 7 4 694 203 252 695 173 206 696 192 239 697 204 254 698 204 254 699 174 207 700 173 206 701 99 255 702 98 256 703 205 257 704 205 257 705 206 258 706 99 255 707 207 259 708 169 199 709 67 74 710 67 74 711 70 73 712 207 259 713 194 260 714 208 261 715 209 262 716 209 262 717 210 263 718 194 260 719 214 264 720 211 264 721 212 265 722 212 265 723 213 266 724 214 264 725 134 267 726 195 268 727 215 269 728 215 269 729 216 270 730 134 267 731 96 100 732 95 103 733 169 199 734 169 199 735 207 259 736 96 100 737 217 271 738 92 99 739 95 103 740 95 103 741 94 102 742 217 271 743 213 266 744 212 265 745 218 272 746 218 272 747 219 273 748 213 266 749 221 274 750 220 275 751 94 102 752 94 102 753 93 101 754 221 274 755 114 276 756 113 277 757 62 278 758 62 278 759 63 279 760 114 276 761 132 280 762 99 255 763 206 258 764 206 258 765 222 281 766 132 280 767 196 282 768 76 283 769 217 271 770 217 271 771 223 284 772 196 282 773 156 179 774 146 178 775 145 181 776 145 181 777 159 180 778 156 179 779 174 207 780 204 254 781 224 285 782 224 285 783 225 286 784 174 207 785 44 48 786 110 149 787 135 152 788 135 152 789 45 49 790 44 48 791 225 286 792 224 285 793 202 253 794 202 253 795 203 252 796 225 286 797 88 155 798 132 280 799 222 281 800 222 281 801 138 156 802 88 155 803 46 287 804 45 288 805 226 289 806 226 289 807 172 205 808 46 287 809 77 84 810 191 238 811 83 87 812 83 87 813 16 17 814 77 84 815 92 99 816 91 98 817 169 199 818 169 199 819 95 103 820 92 99 821 105 290 822 114 276 823 63 279 824 63 279 825 66 291 826 105 290 827 191 238 828 72 79 829 81 88 830 81 88 831 83 87 832 191 238 833 76 283 834 75 96 835 92 99 836 92 99 837 217 271 838 76 283 839 198 248 840 78 85 841 19 16 842 19 16 843 201 251 844 227 292 845 19 16 846 227 292 847 228 293 848 19 16 849 228 293 850 198 248 851 233 294 852 229 295 853 230 296 854 233 294 855 230 296 856 231 297 857 233 294 858 231 297 859 214 298 860 233 294 861 214 298 862 213 299 863 233 294 864 213 299 865 219 300 866 219 300 867 232 301 868 233 294 869 231 302 870 234 303 871 211 264 872 211 264 873 214 264 874 231 302 875 63 70 876 62 65 877 61 68 878 61 68 879 64 71 880 63 70 881 59 66 882 128 304 883 175 204 884 175 204 885 60 67 886 59 66 887 195 268 888 194 260 889 210 263 890 210 263 891 215 269 892 195 268 893 135 305 894 134 267 895 216 270 896 216 270 897 235 306 898 135 305 899 45 288 900 135 305 901 235 306 902 235 306 903 226 289 904 45 288 905 128 304 906 46 287 907 172 205 908 172 205 909 175 204 910 128 304 911 132 146 912 131 145 913 100 104 914 100 104 915 99 107 916 132 146 917 113 277 918 112 138 919 59 141 920 59 141 921 62 278 922 113 277 923 170 201 924 104 200 925 21 307 926 21 307 927 236 308 928 170 201 929 5 6 930 4 5 931 206 258 932 206 258 933 205 257 934 5 6 935 236 308 936 21 307 937 20 309 938 20 309 939 237 310 940 236 308 941 218 272 942 212 265 943 238 311 944 238 311 945 239 312 946 218 272 947 245 313 948 240 314 949 241 315 950 245 313 951 241 315 952 242 316 953 245 313 954 242 316 955 239 317 956 245 313 957 239 317 958 238 318 959 245 313 960 238 318 961 243 319 962 243 319 963 244 320 964 245 313 965 223 284 966 217 271 967 94 102 968 94 102 969 220 275 970 223 284 971 211 264 972 234 303 973 244 321 974 244 321 975 243 322 976 211 264 977 212 265 978 211 264 979 243 322 980 243 322 981 238 311 982 212 265 983 202 253 984 224 285 985 138 156 986 138 156 987 222 281 988 202 253 989 192 239 990 68 75 991 14 15 992 14 15 993 13 14 994 192 239 995 4 5 996 202 253 997 222 281 998 222 281 999 206 258 1000 4 5 1001 107 242 1002 106 323 1003 208 324 1004 208 324 1005 194 243 1006 107 242 1007 133 147 1008 191 238 1009 77 84 1010 77 84 1011 80 83 1012 133 147 1013 2 3 1014 170 201 1015 236 308 1016 236 308 1017 3 0 1018 2 3 1019 154 174 1020 163 193 1021 170 201 1022 170 201 1023 2 3 1024 154 174 1025 84 90 1026 164 190 1027 163 193 1028 163 193 1029 154 174 1030 84 90 1031 159 180 1032 152 172 1033 8 9 1034 8 9 1035 156 179 1036 159 180 1037 160 187 1038 53 55 1039 141 161 1040 141 161 1041 161 184 1042 160 187 1043 161 184 1044 141 161 1045 144 160 1046 144 160 1047 158 183 1048 161 184 1049 50 56 1050 162 189 1051 164 190 1052 164 190 1053 84 90 1054 50 56 1055 162 189 1056 50 56 1057 53 55 1058 53 55 1059 160 187 1060 162 189 1061 156 179 1062 8 9 1063 11 8 1064 11 8 1065 157 176 1066 156 179 1067 3 0 1068 236 308 1069 237 310 1070 237 310 1071 182 220 1072 3 0 1073 158 183 1074 144 160 1075 152 172 1076 152 172 1077 159 180 1078 158 183 1079 52 58 1080 176 211 1081 179 212 1082 179 212 1083 142 162 1084 52 58 1085 142 162 1086 179 212 1087 178 215 1088 178 215 1089 143 163 1090 142 162 1091 143 163 1092 178 215 1093 185 223 1094 185 223 1095 153 173 1096 143 163 1097 153 173 1098 185 223 1099 190 226 1100 190 226 1101 9 10 1102 153 173 1103 85 91 1104 186 225 1105 177 208 1106 177 208 1107 51 57 1108 85 91 1109 155 175 1110 180 219 1111 186 225 1112 186 225 1113 85 91 1114 155 175 1115 1 2 1116 181 216 1117 180 219 1118 180 219 1119 155 175 1120 1 2 1121 0 1 1122 166 197 1123 181 216 1124 181 216 1125 1 2 1126 0 1 1127 189 229 1128 10 11 1129 9 10 1130 9 10 1131 190 226 1132 189 229 1133 176 211 1134 52 58 1135 51 57 1136 51 57 1137 177 208 1138 176 211 1139 166 197 1140 0 1 1141 183 221 1142 183 221 1143 167 194 1144 166 197 1145 162 189 1146 54 188 1147 57 191 1148 57 191 1149 164 190 1150 162 189 1151 139 325 1152 200 326 1153 246 327 1154 139 325 1155 246 327 1156 240 328 1157 139 325 1158 240 328 1159 37 329 1160 139 325 1161 37 329 1162 165 330 1163 165 330 1164 167 331 1165 183 332 1166 165 330 1167 183 332 1168 182 333 1169 165 330 1170 182 333 1171 237 334 1172 165 330 1173 237 334 1174 20 335 1175 165 330 1176 20 335 1177 23 336 1178 165 330 1179 23 336 1180 139 325 1181 199 337 1182 198 338 1183 247 339 1184 247 339 1185 248 340 1186 199 337 1187 240 341 1188 246 342 1189 249 343 1190 249 343 1191 241 344 1192 240 341 1193 200 345 1194 199 346 1195 248 347 1196 200 345 1197 248 347 1198 249 348 1199 249 348 1200 246 349 1201 200 345 1202 64 71 1203 61 68 1204 203 252 1205 203 252 1206 7 4 1207 64 71 1208 60 67 1209 175 204 1210 174 207 1211 174 207 1212 225 286 1213 60 67 1214 242 350 1215 241 344 1216 249 343 1217 242 350 1218 249 343 1219 248 351 1220 242 350 1221 248 351 1222 247 352 1223 247 352 1224 250 353 1225 242 350 1226 239 312 1227 242 350 1228 250 353 1229 250 353 1230 218 272 1231 239 312 1232 168 198 1233 14 15 1234 68 75 1235 68 75 1236 67 74 1237 168 198 1238 204 254 1239 192 239 1240 13 14 1241 13 14 1242 127 137 1243 204 254 1244 224 285 1245 204 254 1246 127 137 1247 127 137 1248 138 156 1249 224 285 1250 251 354 1251 245 354 1252 244 321 1253 244 321 1254 234 303 1255 251 354 1256 253 355 1257 115 125 1258 119 129 1259 119 129 1260 252 356 1261 253 355 1262 81 88 1263 41 40 1264 40 43 1265 40 43 1266 43 46 1267 81 88 1268 61 68 1269 60 67 1270 225 286 1271 225 286 1272 203 252 1273 61 68 1274 116 126 1275 115 125 1276 253 355 1277 253 355 1278 254 357 1279 116 126 1280 38 41 1281 130 142 1282 86 93 1283 86 93 1284 39 42 1285 38 41 1286 129 143 1287 193 240 1288 131 145 1289 131 145 1290 87 94 1291 129 143 1292 74 77 1293 116 126 1294 254 357 1295 254 357 1296 71 78 1297 74 77 1298 82 89 1299 90 144 1300 75 81 1301 75 81 1302 17 18 1303 82 89 1304 119 129 1305 121 131 1306 255 358 1307 255 358 1308 252 356 1309 119 129 1310 121 131 1311 123 133 1312 256 359 1313 256 359 1314 255 358 1315 121 131 1316 123 133 1317 136 154 1318 257 360 1319 257 360 1320 256 359 1321 123 133 1322 28 361 1323 37 329 1324 240 328 1325 28 361 1326 240 328 1327 245 362 1328 28 361 1329 245 362 1330 251 363 1331 28 361 1332 251 363 1333 257 364 1334 28 361 1335 257 364 1336 136 365 1337 28 361 1338 136 365 1339 137 366 1340 28 361 1341 137 366 1342 151 367 1343 28 361 1344 151 367 1345 157 368 1346 28 361 1347 157 368 1348 11 369 1349 28 361 1350 11 369 1351 10 370 1352 28 361 1353 10 370 1354 189 371 1355 189 371 1356 188 372 1357 28 361 1358 226 289 1359 235 306 1360 70 73 1361 70 73 1362 69 76 1363 226 289 1364 235 306 1365 216 270 1366 207 259 1367 207 259 1368 70 73 1369 235 306 1370 216 270 1371 215 269 1372 96 100 1373 96 100 1374 207 259 1375 216 270 1376 215 269 1377 210 263 1378 93 101 1379 93 101 1380 96 100 1381 215 269 1382 7 4 1383 6 7 1384 65 72 1385 65 72 1386 64 71 1387 7 4 1388 69 76 1389 173 206 1390 172 205 1391 172 205 1392 226 289 1393 69 76 1394 221 274 1395 93 101 1396 210 263 1397 210 263 1398 209 262 1399 221 274 1400 42 247 1401 15 12 1402 14 15 1403 14 15 1404 168 198 1405 42 247 1406 258 373 1407 227 374 1408 201 375 1409 258 373 1410 201 375 1411 197 376 1412 258 373 1413 197 376 1414 196 377 1415 196 377 1416 223 378 1417 220 379 1418 196 377 1419 220 379 1420 221 380 1421 196 377 1422 221 380 1423 209 381 1424 196 377 1425 209 381 1426 208 382 1427 196 377 1428 208 382 1429 106 383 1430 196 377 1431 106 383 1432 229 384 1433 196 377 1434 229 384 1435 258 373 1436 247 339 1437 198 338 1438 228 337 1439 228 337 1440 259 385 1441 247 339 1442 260 386 1443 258 387 1444 229 388 1445 229 388 1446 233 389 1447 260 386 1448 259 390 1449 228 391 1450 227 392 1451 227 392 1452 258 393 1453 260 394 1454 227 392 1455 260 394 1456 259 390 1457 260 386 1458 233 389 1459 232 395 1460 232 395 1461 250 353 1462 247 352 1463 232 395 1464 247 352 1465 259 396 1466 232 395 1467 259 396 1468 260 386 1469 250 353 1470 232 395 1471 219 273 1472 219 273 1473 218 272 1474 250 353 1475 231 302 1476 230 354 1477 251 354 1478 251 354 1479 234 303 1480 231 302 1481 129 143 1482 130 142 1483 253 355 1484 253 355 1485 252 356 1486 129 143 1487 253 355 1488 130 142 1489 38 41 1490 38 41 1491 254 357 1492 253 355 1493 254 357 1494 38 41 1495 41 40 1496 41 40 1497 71 78 1498 254 357 1499 255 358 1500 193 240 1501 129 143 1502 129 143 1503 252 356 1504 255 358 1505 256 359 1506 126 134 1507 193 240 1508 193 240 1509 255 358 1510 256 359 1511 257 360 1512 125 135 1513 126 134 1514 126 134 1515 256 359 1516 257 360 1517 229 384 1518 106 383 1519 105 397 1520 105 397 1521 66 398 1522 65 399 1523 105 397 1524 65 399 1525 6 400 1526 105 397 1527 6 400 1528 5 401 1529 105 397 1530 5 401 1531 205 402 1532 105 397 1533 205 402 1534 98 403 1535 105 397 1536 98 403 1537 97 404 1538 105 397 1539 97 404 1540 125 405 1541 105 397 1542 125 405 1543 257 364 1544 105 397 1545 257 364 1546 251 363 1547 105 397 1548 251 363 1549 230 406 1550 105 397 1551 230 406 1552 229 384 1553</p>
        </triangles>
      </mesh>
    </geometry>
    <geometry id="Cube_001-mesh" name="Cube.001">
      <mesh>
        <source id="Cube_001-mesh-positions">
          <float_array id="Cube_001-mesh-positions-array" count="1542">1.680518 -1.06707 1.605355 1.699867 -1.080123 1.765296 0.9976989 -1.030776 1.765296 0.9896961 -1.01832 1.605355 0 1.079953 0.7991653 0 0.9400296 0.7991653 -0.3433282 0.9400296 0.7991653 -0.3433282 1.079953 0.7991653 -1.968814 1.06707 1.605355 -1.992898 1.080123 1.765296 -2.081064 1.079909 1.752512 -2.057094 1.06676 1.593562 1.652292 0.9105837 0.9695439 0.3433281 0.9400296 0.9399225 0.3433282 0.9400296 0.7991653 1.652293 0.910584 0.7695439 1.652292 1.109399 0.9695439 0.3433281 1.079953 0.9399225 1.845066 0 -0.03155493 1.86378 0 0.9078021 1.863781 -1.010143 0.9078021 1.845066 -0.9999998 -0.03155493 1.968814 0 1.605355 1.992898 0 1.765296 1.992898 -1.080123 1.765296 1.968814 -1.06707 1.605355 1.968814 1.06707 1.605355 1.992898 1.080123 1.765296 -0.3209173 -0.9961197 1.605355 -0.9896961 -1.01832 1.605355 -0.9547936 -0.9639938 0.9078021 -0.2860125 -0.9429782 0.9078021 0 1.079953 0.9399225 0 0.9400296 0.9399225 -1.968814 0 1.605355 -1.968814 -1.06707 1.605355 -1.992898 -1.080123 1.765296 -1.992898 0 1.765296 -1.652293 -1.1094 0.7695439 -1.652292 -1.1094 0.9695439 -1.652292 -0.9105837 0.9695439 -1.652293 -0.9105837 0.7695438 0 0 0.09911787 0 0.7618556 0.09911787 -1.64252 0.8161199 0.09911787 -1.64252 0 0.09911787 -1.680518 -1.06707 1.605355 -0.9976989 -1.030776 1.765296 -1.699867 -1.080123 1.765296 1.58111 1.088699 -0.1221296 1.596134 1.13679 0.9021585 1.952549 1.136041 0.8942062 1.93415 1.089335 -0.1219857 1.58111 -0.9999998 -0.03155493 1.596134 -1.010143 0.9078021 0.9547936 -0.9639938 0.9078021 0.9486114 -0.9543135 -0.03155493 0.3209173 -0.9961197 1.605355 0.2860125 -0.9429782 0.9078021 -1.845066 0 -0.03155493 -1.845066 -0.9999998 -0.03155493 -1.863781 -1.010143 0.9078021 -1.86378 0 0.9078021 0.2798449 -0.9335091 -0.03155493 -1.853178 0.9537466 1.765296 0 0.8903315 1.765296 1.93415 0.99963 -0.03239142 1.952553 1.009414 0.9003305 -1.680291 -1.193507 1.596282 -1.699587 -1.206511 1.755436 -2.080734 -1.206305 1.742735 -2.056824 -1.193199 1.584466 -0.3433281 0.9400296 0.9399225 -1.680291 1.193507 1.596282 -1.596134 1.13679 0.9021585 -1.952549 1.136041 0.8942062 -2.056824 1.193199 1.584467 0.9486113 0 -0.03155493 0.2798449 0 -0.03155493 0.3433282 1.079953 0.7991653 2.056824 1.193199 1.584467 2.057094 1.06676 1.593562 -1.866156 0.3556898 0.2750319 -1.870816 0.3600407 0.3934983 -1.923274 1.080122 0.4022464 -1.918614 1.06707 0.28378 1.58111 0.9999998 -0.03155493 0.9486114 0.9543138 -0.03155505 0.9547936 0.9639933 0.9078021 1.596134 1.010143 0.9078021 0.3209173 0.9961197 1.605355 0.9896961 1.01832 1.605355 0.2860125 0.9429777 0.9078021 1.58111 0 -0.1221297 1.93415 0 -0.1219857 1.93415 -1.089335 -0.1219857 1.58111 -1.088699 -0.1221297 1.952549 -1.136042 0.8942063 1.596134 -1.136791 0.9021586 1.680291 -1.193507 1.596282 2.056824 -1.193199 1.584466 2.080734 -1.206305 1.742735 1.699587 -1.206511 1.755436 1.680291 1.193507 1.596282 1.845066 0.9999998 -0.03155493 1.863781 1.010143 0.9078021 -0.9486113 0 -0.03155493 -0.2798449 0 -0.03155493 -0.2798449 -0.9335091 -0.03155493 -0.9486114 -0.9543135 -0.03155493 0.2798449 0.9335094 -0.03155505 -1.952553 -1.009414 0.9003305 -1.952549 -1.136042 0.8942063 -2.057094 -1.06676 1.593562 -1.58111 -1.088699 -0.1221297 -1.596134 -1.136791 0.9021586 -1.93415 -1.089335 -0.1219857 1.93415 0 -0.03239154 1.93415 -0.9996297 -0.03239142 1.952553 -1.009414 0.9003305 1.652293 1.109399 0.7695438 2.057094 -1.06676 1.593562 2.081064 -1.079909 1.752512 -1.866156 0 0.2750321 -1.866156 -0.3556898 0.2750321 -1.870816 -0.3600407 0.3934984 -1.870816 0 0.3934984 -2.081064 -1.079909 1.752512 -1.863781 1.010143 0.9078021 -1.952553 1.009414 0.9003305 -0.3433281 1.079953 0.9399225 -1.853178 -0.9537466 1.765296 0 -0.8903315 1.765296 0 -0.7618563 0.09911775 -1.64252 -0.8161204 0.09911775 1.699867 1.080123 1.765296 1.699587 1.206511 1.755436 1.680518 1.06707 1.605355 2.081064 1.079909 1.752512 2.080734 1.206305 1.742735 0.3289206 -1.008304 1.765296 -1.889717 -2.38419e-7 0.9650151 -1.889717 -0.3600409 0.9650151 -1.827205 -0.3600409 0.9661297 -1.827205 -2.38419e-7 0.9661297 1.953206 -0.35569 1.410547 1.977289 -0.3600409 1.526633 2.030472 -1.080123 1.526633 2.006388 -1.06707 1.410547 1.953206 0 1.410547 1.977289 0 1.526633 1.891943 -0.35569 1.423029 1.945126 -1.06707 1.423029 1.969209 -1.080123 1.539115 1.916027 -0.3600409 1.539115 1.977289 0.3600404 1.526633 1.916027 0.3600404 1.539115 1.916027 0 1.539115 1.891943 0 1.423029 1.891943 0.3556898 1.423029 1.969209 1.080123 1.539115 1.945126 1.06707 1.423029 2.006388 1.06707 1.410547 1.953206 0.3556895 1.410547 1.887181 -0.35569 0.8464842 1.889717 -0.3600409 0.9650151 1.94201 -1.080123 0.974702 1.939474 -1.06707 0.8561711 2.030472 1.080123 1.526633 1.887181 -2.38419e-7 0.8464842 1.889717 -2.38419e-7 0.9650151 1.82467 -0.35569 0.8475988 1.876963 -1.06707 0.8572857 1.879498 -1.080123 0.9758166 1.827205 -0.3600409 0.9661297 1.939474 1.06707 0.8561711 1.887181 0.3556895 0.8464842 1.82467 0.3556895 0.8475987 1.876963 1.06707 0.8572858 1.82467 -2.38419e-7 0.8475987 1.827205 -2.38419e-7 0.9661297 1.827205 0.3600404 0.9661297 1.889717 0.3600404 0.9650151 1.94201 1.080122 0.9747021 1.879498 1.080122 0.9758167 1.866156 -0.3556898 0.2750321 1.870816 -0.3600407 0.3934984 1.923274 -1.080123 0.4022465 1.918614 -1.06707 0.28378 1.866156 0.3556898 0.2750319 1.918614 1.06707 0.28378 1.923274 1.080122 0.4022464 1.870816 0.3600407 0.3934983 1.866156 0 0.2750321 1.870816 0 0.3934984 1.803674 -0.3556898 0.277267 1.856132 -1.06707 0.286015 1.860792 -1.080123 0.4044814 1.808334 -0.3600407 0.3957334 1.860792 1.080122 0.4044814 1.808334 0.3600407 0.3957334 1.803674 0 0.277267 1.808334 0 0.3957332 1.856132 1.06707 0.286015 1.803674 0.3556898 0.277267 -1.58111 -0.9999998 -0.03155493 -1.596134 -1.010143 0.9078021 1.652293 -1.1094 0.7695439 1.652293 -0.9105837 0.7695438 1.652292 -0.9105837 0.9695439 1.652292 -1.1094 0.9695439 0.3433282 -1.079953 0.7991653 0.3433282 -0.9400303 0.7991653 0.3433281 -0.9400303 0.9399225 0.3433281 -1.079953 0.9399225 -1.94201 -1.080123 0.974702 -1.939474 -1.06707 0.8561711 -1.876963 -1.06707 0.8572857 -1.879498 -1.080123 0.9758166 0 -1.079953 0.7991653 0 -0.9400303 0.7991653 -1.923274 -1.080123 0.4022465 -1.860792 -1.080123 0.4044814 -1.808334 -0.3600407 0.3957334 0 -0.9400303 0.9399225 -1.82467 -2.38419e-7 0.8475987 -1.82467 0.3556895 0.8475987 -1.827205 0.3600404 0.9661297 0 -1.079953 0.9399225 0 -1.008304 1.765296 0 -0.9961197 1.605355 -1.845066 0.9999998 -0.03155493 -1.93415 0.99963 -0.03239142 -1.93415 0 -0.03239154 -1.93415 0 -0.1219857 -1.93415 -0.9996297 -0.03239142 -0.3433281 -1.079953 0.9399225 -0.3433281 -0.9400303 0.9399225 -1.82467 -0.35569 0.8475988 0 -0.9429782 0.9078021 -1.680518 1.06707 1.605355 -1.699867 1.080123 1.765296 -0.9976989 1.030776 1.765296 -0.9896961 1.01832 1.605355 0 -0.9335091 -0.03155493 -1.876963 1.06707 0.8572858 -1.879498 1.080122 0.9758167 1.64252 -0.8161204 0.09911775 1.64252 0 0.09911787 -1.853178 0 1.765296 1.853178 0 1.765296 1.853178 -0.9537466 1.765296 1.64252 0.8161199 0.09911787 -1.652293 0.910584 0.7695439 -1.652293 1.109399 0.7695438 0 1.008304 1.765296 -0.3289206 1.008304 1.765296 -1.803674 0 0.277267 -1.803674 0.3556898 0.277267 -1.808334 0.3600407 0.3957334 -1.808334 0 0.3957332 -0.2798449 0.9335094 -0.03155505 -0.2860125 0.9429777 0.9078021 0 0.9429777 0.9078021 0 0.9335094 -0.03155505 -1.891943 -0.35569 1.423029 -1.916027 -0.3600409 1.539115 -1.969209 -1.080123 1.539115 -1.945126 -1.06707 1.423029 -1.887181 -2.38419e-7 0.8464842 -1.887181 -0.35569 0.8464842 0 0.9961197 1.605355 -0.3209173 0.9961197 1.605355 -1.58111 1.088699 -0.1221296 -1.93415 1.089335 -0.1219857 -1.58111 0 -0.1221297 1.853178 0.9537466 1.765296 -1.953206 -0.35569 1.410547 -1.953206 0 1.410547 -1.891943 0 1.423029 -1.977289 -0.3600409 1.526633 -1.977289 0 1.526633 -2.006388 -1.06707 1.410547 -1.887181 0.3556895 0.8464842 -1.889717 0.3600404 0.9650151 -1.94201 1.080122 0.9747021 -1.939474 1.06707 0.8561711 -1.58111 0.9999998 -0.03155493 -1.596134 1.010143 0.9078021 -0.9547936 0.9639933 0.9078021 -0.9486114 0.9543138 -0.03155505 -0.3289206 -1.008304 1.765296 -1.803674 -0.3556898 0.277267 -1.856132 -1.06707 0.286015 -1.699587 1.206511 1.755436 -2.030472 -1.080123 1.526633 -0.3433282 -1.079953 0.7991653 -0.3433282 -0.9400303 0.7991653 -1.977289 0.3600404 1.526633 -1.916027 0.3600404 1.539115 -1.969209 1.080123 1.539115 -2.030472 1.080123 1.526633 -1.58111 0 -0.03155493 -1.652292 1.109399 0.9695439 -1.652292 0.9105837 0.9695439 -2.080734 1.206305 1.742735 -1.916027 0 1.539115 -2.006388 1.06707 1.410547 -1.945126 1.06707 1.423029 -1.891943 0.3556898 1.423029 -1.953206 0.3556895 1.410547 0 0 -0.03155493 -1.860792 1.080122 0.4044814 -1.856132 1.06707 0.286015 0.3289206 1.008304 1.765296 -1.918614 -1.06707 0.28378 0.9976989 1.030776 1.765296 1.58111 0 -0.03155493 -1.992898 -1.080123 1.848493 -2.081064 -1.079909 1.835709 -2.080734 -1.206305 1.825933 -1.699587 -1.206511 1.838634 -1.699867 -1.080123 1.848493 -1.699867 1.080123 1.848493 -1.699587 1.206511 1.838634 -2.080734 1.206305 1.825933 -2.081064 1.079909 1.835709 -1.992898 1.080123 1.848493 2.081064 1.079909 1.835709 1.992898 1.080123 1.848493 2.080734 1.206305 1.825933 1.992898 -1.080123 1.848493 1.699867 -1.080123 1.848493 1.699587 -1.206511 1.838634 2.080734 -1.206305 1.825933 2.081064 -1.079909 1.835709 1.699867 1.080123 1.848493 1.699587 1.206511 1.838634 -0.2902321 -1.202076 2.040954 -0.2902321 -1.24995 2.040195 -0.2593023 -1.25053 2.067345 -0.2593023 -1.202656 2.068104 -0.328909 -1.189606 1.181122 -0.2521037 -1.191331 1.29836 -0.2836677 -1.191913 1.325222 -0.3700892 -1.190366 1.216167 -0.2069098 -1.204658 2.156549 0.2069098 -1.204658 2.156549 0.2069098 -0.9166324 2.161647 -0.2069098 -0.9166324 2.161647 -0.3315842 -1.194438 1.500173 -0.2541542 -1.195034 1.542908 -0.2562495 -1.198951 1.822875 -0.3343179 -1.199548 1.865434 0.2018753 -1.189328 1.20986 0.2619237 -1.189328 1.187567 0.2007605 -1.191118 1.3033 0.1547343 -1.191118 1.320388 0.3343179 -0.9115226 1.871334 0.1671589 -0.9115226 1.846084 0.2715781 -0.9166324 2.185071 0.3383887 -0.9163554 2.19103 0.378677 -0.9155986 2.155787 0.3816479 -0.9145649 2.088785 0.328909 -1.189606 1.181122 0.3700892 -1.190366 1.216167 0.2836677 -1.191913 1.325222 0.2521037 -1.191331 1.29836 0.2018753 -0.8180788 1.214958 0.2617404 -0.8180788 1.19297 0.3315842 -1.194438 1.500173 0.3315842 -0.823189 1.506073 0.3343179 -1.199548 1.865434 -0.2018753 -1.189328 1.20986 -0.1547343 -1.191118 1.320388 -0.2007605 -1.191118 1.3033 -0.2619237 -1.189328 1.187567 -0.3343179 -0.9115226 1.871334 -0.3816479 -0.9145649 2.088785 -0.378677 -0.9155986 2.155787 -0.3383887 -0.9163554 2.19103 -0.2715781 -0.9166324 2.185071 -0.1671589 -0.9115226 1.846084 -0.3700647 -0.8191168 1.222001 -0.3288174 -0.8183572 1.186774 -0.2080255 -1.250742 2.062965 -0.2080255 -1.202868 2.063724 -0.3816479 -1.20259 2.082885 -0.2925273 -1.201283 1.989548 -0.2925273 -1.249158 1.988789 0.3786535 -1.203624 2.149952 0.3383007 -1.20438 2.185374 0.2593023 -1.202656 2.068104 0.2902321 -1.202076 2.040954 0.3816479 -1.20259 2.082885 0.2925273 -1.201283 1.989548 0.2562495 -1.198951 1.822875 0.3744303 -1.191404 1.283314 0.3744303 -0.8201549 1.289214 0.1657921 -0.823189 1.530521 -0.3744303 -1.191404 1.283314 -0.3315842 -0.823189 1.506073 -0.3744303 -0.8201549 1.289214 -0.2018753 -0.8180788 1.214958 0.3700647 -0.8191168 1.222001 0.3288174 -0.8183572 1.186774 0.2541542 -1.195034 1.542908 -0.1585932 -1.202868 2.04601 -0.1585932 -1.250742 2.045251 0.1585932 -1.250742 2.045251 0.1585932 -1.202868 2.04601 -0.3786535 -1.203624 2.149952 -0.3383007 -1.20438 2.185374 -0.271402 -1.204658 2.17966 0.271402 -1.204658 2.17966 -0.1657921 -0.823189 1.530521 -0.2617404 -0.8180788 1.19297 -0.2521037 -1.239205 1.297601 -0.2836677 -1.239787 1.324463 0.2902321 -1.24995 2.040195 0.2925273 -1.249158 1.988789 0.02867704 -1.249986 1.874207 0.07834726 -1.249432 1.845751 0.1070243 -1.24836 1.796465 0.2562495 -1.246825 1.822116 0.2593023 -1.25053 2.067345 0.2080255 -1.250742 2.062965 -0.2562495 -1.246825 1.822116 -0.1070243 -1.24836 1.796465 -0.07834726 -1.249432 1.845751 -0.02867704 -1.249986 1.874207 -0.1070243 -1.247129 1.739556 -0.1070243 -1.191527 1.740258 -0.1070243 -1.192659 1.797169 -0.2007605 -1.238992 1.302541 0.2869951 -1.192709 1.376688 0.2541542 -1.242909 1.542149 0.2869951 -1.240584 1.375929 0.2080255 -1.202868 2.063724 -0.2869951 -1.240584 1.375929 -0.2869951 -1.192709 1.376688 0.2007605 -1.238992 1.302541 0.1547343 -1.238992 1.319629 -0.2541542 -1.242909 1.542149 -0.1547343 -1.238992 1.319629 -0.07081902 -1.246354 1.700353 -0.07081902 -1.190747 1.701056 0.2521037 -1.239205 1.297601 -0.03772032 -1.246121 1.678905 -0.06945592 -1.245572 1.491709 -0.06945592 -1.189981 1.492412 -0.03772032 -1.190514 1.679608 0.2836677 -1.239787 1.324463 -0.07834726 -1.193639 1.846456 -0.02867704 -1.194205 1.874912 -0.6419591 0.9300034 2.015247 -0.6419591 0.9526978 1.986944 -0.6419591 1.164654 1.942299 -0.6419591 1.179229 1.962752 0.1070243 -1.247129 1.739556 0.07081902 -1.246354 1.700353 0.03772032 -1.246121 1.678905 0.06945592 -1.245572 1.491709 0.1070243 -1.192659 1.797169 0.1070243 -1.191527 1.740258 0.03772032 -1.190514 1.679608 0.06945592 -1.189981 1.492412 -1.407077 1.179229 1.962752 -1.407077 0.9300034 2.015247 0.07081902 -1.190747 1.701056 0.02867704 -1.194205 1.874912 0.07834726 -1.193639 1.846456 -0.6419591 1.178739 1.702572 -1.407077 1.178739 1.702572 -1.407077 1.22028 1.899794 -0.6419591 1.22028 1.899794 -1.407077 1.115781 1.661521 -1.407077 0.8665545 1.714016 0.6419591 1.178739 1.702572 0.6419591 1.22028 1.899794 1.407077 1.22028 1.899794 1.407077 1.178739 1.702572 1.407077 1.179229 1.962752 0.6419591 1.179229 1.962752 0.6419591 0.9300034 2.015247 1.407077 0.9300034 2.015247 1.407077 0.8665545 1.714016 0.6419591 0.8665545 1.714016 0.6419591 1.164654 1.942299 0.6419591 0.9526978 1.986944 1.407077 1.115781 1.661521 0.6419591 1.115781 1.661521 0.6419591 0.8987374 1.73076 0.306771 0.9526978 1.986944 0.306771 0.8987374 1.73076 0.6419591 1.110694 1.686115 0.6419591 1.199566 1.888756 0.6419591 1.164237 1.721027 0.306771 1.164654 1.942299 0.306771 1.199566 1.888756 0.306771 1.164237 1.721027 0.306771 1.110694 1.686115 -0.6419591 0.8665545 1.714016 -0.6419591 1.115781 1.661521 -0.6419591 0.8987374 1.73076 -0.306771 0.8987374 1.73076 -0.306771 0.9526978 1.986944 -0.6419591 1.110694 1.686115 -0.6419591 1.199566 1.888756 -0.6419591 1.164237 1.721027 -0.306771 1.110694 1.686115 -0.306771 1.164237 1.721027 -0.306771 1.199566 1.888756 -0.306771 1.164654 1.942299</float_array>
          <technique_common>
            <accessor source="#Cube_001-mesh-positions-array" count="514" stride="3">
              <param name="X" type="float"/>
              <param name="Y" type="float"/>
              <param name="Z" type="float"/>
            </accessor>
          </technique_common>
        </source>
        <source id="Cube_001-mesh-normals">
          <float_array id="Cube_001-mesh-normals-array" count="3192">-0.05138397 -0.9958788 -0.07473403 -0.0708093 -0.9947905 -0.07333487 -0.07016146 -0.9948686 -0.07289576 -0.05216574 -0.9958316 -0.07482147 0.01859271 0 -0.9998272 0 0 -1 0.01859205 0 -0.9998272 -0.004059314 -0.9966831 0.08128017 -0.004063129 -0.9966831 0.08127939 -0.002066493 -0.9996663 0.02575045 -0.004668354 -0.9985597 0.05344963 -0.02248978 -0.9997472 -1.69537e-6 -0.02248978 -0.9997471 -1.82097e-6 -0.01847743 -0.9998294 5.24777e-7 -0.01847815 -0.9998294 4.88042e-7 -0.02262389 2.79926e-7 0.9997441 -0.02262389 3.00532e-7 0.9997441 -0.01859194 0 0.9998272 -0.01859265 0 0.9998272 0.9998016 0 -0.01991879 0.9998016 0 -0.01991873 0.9970724 5.31785e-7 -0.07646328 0.9970758 -2.43592e-7 -0.0764203 0.9888529 0 -0.1488965 0.9888529 0 -0.1488965 0.9888527 0 -0.1488966 0.9888527 0 -0.1488966 0.9888529 0 -0.1488965 0.9888528 0 -0.1488966 0.02202606 -0.999023 -0.03831577 0.02224475 -0.996904 -0.07541698 0.05138397 -0.9958788 -0.07473403 0.05131191 -0.997969 -0.03774857 0 0 1 -0.9888527 0 -0.1488966 -0.9888528 0 -0.1488965 -0.9888529 0 -0.1488965 -0.9888528 0 -0.1488966 -1 0 1.19209e-6 0 0 1 0 0 1 0 0 1 0.07016152 -0.9948686 -0.07289612 0.07080942 -0.9947905 -0.07333505 0.05216574 -0.9958316 -0.07482153 -4.46399e-4 0.9989213 -0.04643398 -4.13447e-4 0.9989218 -0.04642307 -5.12529e-4 0.9981279 -0.0611599 -5.33678e-4 0.9981354 -0.06103658 -0.05110502 -0.9986449 -0.009839296 -0.07204037 -0.9973554 -0.009617447 -0.0714854 -0.9967337 -0.03757506 -0.05131196 -0.997969 -0.03774857 -0.02224475 -0.9969039 -0.0754171 -0.02202641 -0.9990229 -0.0383163 -0.9970724 -2.34213e-6 -0.07646328 -0.9998016 0 -0.01991873 -0.9998016 0 -0.01991879 -0.9970757 -2.26544e-7 -0.0764203 -0.02197223 -0.9997085 -0.01001167 0 -0.9969953 0.07746368 -0.0335496 -0.9964313 0.07745414 -0.03354609 -0.9964317 0.07745081 0 -0.9969879 0.07755839 0.9969295 -0.00807923 -0.07788729 0.9999413 -0.004377722 -0.009910523 0.9999397 -0.004493236 -0.01003164 0.9969273 -0.008071124 -0.07791721 0.00116378 -0.9966457 -0.08182901 9.98568e-4 -0.9966514 -0.08176285 0.001107215 -0.9985573 -0.0536856 0.001107156 -0.9985573 -0.0536859 0 -1 2.50541e-7 0.01847743 -0.9998294 0 0.01847815 -0.9998294 0 0 -1 0 0.001643002 0.9966468 -0.08180731 0.001148343 0.9966545 -0.08172166 5.12763e-4 0.9981279 -0.06115996 5.3346e-4 0.9981324 -0.06108611 0 0 -1 0 0 -1 -0.01859271 0 -0.9998272 -0.01859205 0 -0.9998272 0.9888676 -0.00815916 -0.1485744 0.9888634 -0.008311986 -0.1485939 -0.9967835 -0.07264024 -0.03385478 -0.998187 -0.0484547 -0.03570896 -0.9981862 -0.0484727 -0.03570425 -0.9967854 -0.07263386 -0.03381198 -0.0714882 0.9967317 -0.03762209 -0.07203996 0.9973554 -0.009617269 -0.05143254 0.9986274 -0.009894669 -0.05131411 0.9979707 -0.03770148 -0.022026 0.9990229 -0.03831571 -0.02224475 0.9969039 -0.07541739 -0.05138397 0.9958788 -0.07473438 4.07942e-4 0 -1 4.07892e-4 0 -1 4.07864e-4 0 -1 4.07964e-4 0 -1 -5.12767e-4 -0.9981279 -0.06116008 -4.13693e-4 -0.9989218 -0.04642325 -5.37582e-4 -0.9989198 -0.04646414 -5.33573e-4 -0.9981324 -0.06108641 -0.001107215 -0.9985573 -0.05368548 -0.001148641 -0.9966546 -0.08172136 -0.001642644 -0.9966469 -0.08180648 -0.001107156 -0.9985573 -0.0536859 -8.82001e-4 0.9966445 -0.08184748 -0.001643002 0.9966468 -0.08180731 -0.9980118 -0.006435453 0.0626986 -0.9980105 -0.006450593 0.06271737 -0.9999627 -0.003643274 0.007842659 -0.9999618 -0.003609895 0.007968246 -0.001942813 -0.9991508 0.04115688 -0.005721688 -0.9999259 0.01075237 -0.005725204 -0.9999259 0.01075226 -0.001959443 -0.999149 0.04120123 0 0 -1 0 0 -1 0 0 -1 0 0 -1 -0.02192467 0.9997093 -0.01004225 -0.9927874 -0.006717801 0.1197005 -0.9927964 -0.006866753 0.1196165 4.07616e-4 0 -1 4.07538e-4 0 -1 -0.9888676 0.008158862 -0.1485744 -0.9969295 0.008079528 -0.07788693 -0.9969273 0.008071482 -0.07791686 -0.9888634 0.008312106 -0.1485939 5.37584e-4 -0.9989198 -0.04646414 4.13715e-4 -0.9989218 -0.04642325 5.12525e-4 -0.9981279 -0.06116002 5.33403e-4 -0.9981355 -0.0610367 1 0 -5.32218e-6 1 0 -5.32218e-6 0.9999413 0.004377901 -0.009910523 0.9999397 0.004493474 -0.0100317 0.9969266 0.008055329 -0.07792633 0.9969273 0.008071601 -0.0779168 -0.02262389 -5.59853e-7 -0.9997441 -0.02262389 -6.01064e-7 -0.9997441 0.9888607 0.008647561 -0.1485928 0.9888656 0.007920145 -0.1486003 0.995148 0.00488919 -0.09826833 0.9951499 0.005104005 -0.098239 -0.9992272 0 -0.03930574 -0.9992272 0 -0.03930574 -0.998187 0.04845464 -0.03570902 -0.9981862 0.0484727 -0.03570425 -0.002134084 0.9996733 0.02547603 -0.004018247 0.9966828 0.08128625 -0.004013955 0.9966827 0.08128702 -0.004668176 0.9985597 0.05344897 0.001959502 -0.999149 0.04120135 0.001942873 -0.9991508 0.041157 0.009390711 0 0.9999559 0.009390771 0 0.9999559 0.009389519 0 0.999956 0.00938946 0 0.999956 -0.005679845 0.999926 0.01075547 -0.005580842 0.9999265 0.01076287 -0.001942932 0.9991508 0.04115694 -0.001959383 0.999149 0.04120129 0.004156708 0.9966835 0.08127003 0.004112899 0.9966835 0.08127146 0.002066433 0.9996663 0.02575075 0.004668176 0.9985597 0.05344879 0.004015743 -0.9966827 0.08128684 0.004059493 -0.996683 0.08128237 0.01847833 0.9998293 -2.19414e-7 0.01847761 0.9998294 1.24529e-6 0 1 2.32226e-7 0 1 0 -0.03354597 0.9964317 0.07745045 -0.03354942 0.9964314 0.07745403 0 0.9969953 0.07746332 0 0.9969879 0.07755798 -0.9927904 0.00639379 0.1196933 -0.9968557 0.003855407 0.07914417 -0.9968577 0.003853857 0.07912009 -0.9927873 0.006383061 0.1197196 -0.996856 -0.003855288 0.07914102 -0.9968575 -0.003853797 0.0791217 0.002122819 -0.9996721 0.02552109 0.004668295 -0.9985597 0.05344969 0.009389519 0 0.999956 0.00938946 -1.20265e-7 0.999956 0.9951499 -0.005052089 -0.09824061 0.9951524 -0.004884123 -0.09822398 -0.9888529 0 -0.1488965 -0.9888527 0 -0.1488966 -0.02237087 -0.996903 -0.07539314 -0.01782834 0 0.9998411 -0.01782822 0 0.9998411 -0.01782619 0.009687185 0.9997942 -0.01782864 0.00973016 0.9997938 -0.01847761 0.9998294 0 -0.0224899 0.9997471 7.11271e-7 -0.0224899 0.9997472 7.17529e-7 -0.01847833 0.9998293 6.43493e-7 -0.001106739 0.9985586 -0.05366176 -0.001106202 0.9985578 -0.05367827 0.9776471 0.07263278 -0.197308 0.9787159 0.04850101 -0.1994065 0.9787166 0.04847276 -0.1994099 0.9776363 0.07264077 -0.1973588 0.9970757 2.2928e-7 -0.07642036 0.9791509 1.32281e-7 -0.2031342 0.979151 0 -0.203134 -0.9787167 -0.048469 0.1994099 -0.9787168 -0.04847174 0.1994094 -0.9776377 -0.07263988 0.1973528 -0.9776464 -0.07263368 0.1973119 0.1996466 -1.35466e-7 0.9798681 0.1996462 -1.27968e-7 0.979868 0.1996362 -0.009830594 0.9798208 0.1996366 -0.009825766 0.9798207 -0.979151 0 0.2031336 -0.979151 0 0.2031337 -0.9776277 0.07264715 0.1973992 -0.9787164 0.04847198 0.1994107 -0.9787166 0.04846918 0.1994109 -0.9776464 0.07263374 0.1973119 0.1996388 0.009782731 0.9798207 0.1996377 0.009777903 0.9798211 -0.199635 -0.009940803 -0.97982 -0.1996265 -0.01492363 -0.9797585 -0.1996262 -0.01492363 -0.9797585 -0.199634 -0.009978115 -0.9798198 0.199629 0.0147435 0.9797607 0.1996292 0.0147435 0.9797607 -0.1996216 0.01492363 -0.9797595 -0.1996213 0.01492363 -0.9797595 -0.1996365 0.009989082 -0.9798192 -0.1996363 0.009882092 -0.9798203 0.9787166 -0.04845464 -0.1994145 0.9787166 -0.04847276 -0.1994096 -0.0708096 0.9947905 -0.07333517 -0.02184772 -0.9939942 -0.1072296 0.9972302 0.07264018 -0.01598155 0.9986667 0.04845452 -0.01780909 0.9986659 0.04847258 -0.01780456 0.9972314 0.0726338 -0.01593875 -0.02184897 0.9939938 -0.1072335 -0.02184927 0.9939938 -0.1072332 -0.02184855 0.9939938 -0.1072338 -0.02184826 0.9939937 -0.1072341 0.9997712 0 -0.02138781 0.9997712 0 -0.02138781 -0.998666 -0.04846912 0.01780438 -0.9986659 -0.04847186 0.01780414 -0.9972303 -0.07263994 0.01597857 -0.9972314 -0.07263368 0.01593697 -0.01782459 0.01492387 -0.9997298 -0.01782459 0.01492387 -0.9997298 -0.01782566 0.009748518 -0.9997936 -0.01782637 0.00978583 -0.9997932 -0.9997714 0 0.02138578 -0.9997714 0 0.02138578 -0.9986659 0.04847186 0.01780414 -0.9986661 0.04846918 0.01780444 0.01782852 0.009734988 0.9997937 0.01782822 0 0.9998411 0.01782834 0 0.9998411 0.01782619 0.009682416 0.9997943 -0.01782715 -0.009748458 -0.9997936 -0.01782459 -0.01492375 -0.9997298 -0.01782459 -0.01492375 -0.9997298 -0.01782566 -0.009785711 -0.9997933 0.01782381 0.01474332 0.9997325 0.01782363 0.01474332 0.9997324 0.01782608 -0.009682357 0.9997943 0.01782602 -0.009687185 0.9997943 0.01782363 -0.01474344 0.9997325 0.01782363 -0.01474338 0.9997324 -0.9972302 0.07263982 0.01597863 -0.9972314 0.0726335 0.01593703 0.9986659 -0.04847252 -0.01780456 0.9986667 -0.04845446 -0.01780909 0.9972315 -0.07263308 -0.01593422 0.9972314 -0.0726338 -0.01593881 -0.001951098 -0.9939944 -0.1094146 -0.00195074 -0.9939941 -0.1094161 -0.001950919 -0.9939943 -0.1094154 -0.001951277 -0.9939944 -0.109414 0.9967834 0.07264047 -0.03385484 0.998187 0.04845464 -0.03570896 0.9981862 0.0484727 -0.03570425 0.9967833 0.07264107 -0.03385943 0.9981862 -0.0484727 -0.03570425 0.998187 -0.0484547 -0.03570902 0.9967834 -0.07264029 -0.03385478 0.9967833 -0.07264101 -0.03385937 0.9992272 0 -0.03930574 0.9992272 0 -0.03930574 -0.9981864 -0.04846924 0.0357052 -0.9981862 -0.04847198 0.03570514 -0.9967857 -0.07263284 0.03380626 -0.9967833 -0.07264101 0.03385937 0.03574609 -0.009778082 0.9993131 0.03574472 -0.009830653 0.9993126 0.0357452 -0.01474356 0.9992523 0.03574532 -0.01474356 0.9992523 -0.9992273 0 0.03930473 -0.9992273 0 0.03930473 0.03574532 1.45916e-7 0.9993609 0.03574514 1.6402e-7 0.999361 0.0357446 0.009830594 0.9993127 0.03574472 0.009778022 0.9993131 -0.03574544 -0.009796559 -0.9993129 -0.0357449 -0.01492369 -0.9992495 -0.03574478 -0.01492369 -0.9992495 -0.03574478 -0.009833812 -0.9993126 0.03574264 0.01474344 0.9992524 0.03574264 0.01474344 0.9992523 -0.003912031 0.9939942 -0.1093635 -0.003912031 0.993994 -0.1093645 -0.003912031 0.9939943 -0.1093622 -0.003912031 0.9939944 -0.1093612 -0.9981862 0.0484721 0.03570497 -0.9981864 0.04846942 0.0357052 -0.003911972 -0.9939944 -0.1093621 -0.003911912 -0.9939941 -0.109364 -0.003911972 -0.9939942 -0.1093631 -0.003912031 -0.9939944 -0.1093614 -0.9999626 0.003641009 0.007843136 -0.9980105 0.006450831 0.06271672 -0.9980118 0.006435453 0.062698 -0.9999619 0.003560721 0.00797981 0.0714854 -0.9967337 -0.03757506 0.07204037 -0.9973554 -0.009617507 0.05143254 -0.9986274 -0.009895265 1 2.27422e-7 1.19209e-6 1 4.5657e-7 1.19209e-6 1 2.29148e-7 1.19209e-6 1 0 1.19209e-6 -0.02262383 -2.48941e-7 -0.9997441 -0.01859265 4.26625e-7 -0.9998272 -0.018592 -3.2215e-7 -0.9998272 -0.02262383 -2.98719e-7 -0.9997441 0.001942873 0.9991508 0.041157 0.001959323 0.999149 0.04120135 -0.018592 3.24173e-7 0.9998272 -0.02262395 0 0.9997441 -0.02262395 0 0.9997441 -0.01859271 -4.26625e-7 0.9998272 0.001950919 -0.9939942 -0.1094161 0.00195074 -0.9939941 -0.1094168 0.001951098 -0.9939943 -0.1094152 0.001951277 -0.9939943 -0.1094145 0 4.25981e-7 -1 -0.01847779 0.9998294 1.33921e-7 -0.02249038 0.9997471 -1.62824e-7 -0.02249038 0.9997472 -1.88182e-7 -0.01847851 0.9998293 0 -0.03574472 0.009682476 0.9993141 -0.03574484 0.009735047 0.9993136 -0.03574264 0.0147435 0.9992524 -0.03574264 0.0147435 0.9992523 -0.02249002 -0.9997472 0 -0.02249002 -0.9997471 0 -0.01847761 -0.9998294 5.89291e-7 -0.01847833 -0.9998293 0 0 1 2.50542e-7 0.9997714 0 0.02138578 0.9997714 0 0.02138578 0.9986659 0.04847204 0.01780414 0.9986661 0.0484693 0.01780438 0 -4.25982e-7 1 0 -4.25982e-7 1 0 -1 0 0 -0.9971108 -0.07596224 0 -0.9971109 -0.07596158 -0.009390711 0 0.9999559 -0.009390771 0 0.9999559 -0.009389519 0 0.999956 -0.00938946 0 0.999956 -0.9999413 0.004377722 -0.009910523 -1 0 -5.32218e-6 -1 0 -5.32219e-6 -0.99994 0.004397869 -0.01003384 0.02262389 0 0.9997441 0.02262389 0 0.9997441 0.018592 -4.06091e-7 0.9998272 0.01859271 2.19283e-7 0.9998272 0.9972303 -0.07263982 0.01597857 0.9986659 -0.04847186 0.01780408 0.998666 -0.04846918 0.01780444 0.9972314 -0.0726335 0.01593697 -1.74689e-7 -0.9992233 -0.03940588 0.05138397 0.9958788 -0.07473433 0.07071775 0.9948051 -0.0732252 0.07016146 0.9948686 -0.07289576 0.05216574 0.9958316 -0.07482147 0 -0.9999492 -0.0100798 0.9972303 0.07264 0.01597857 0.9972314 0.07263374 0.01593691 0 0 1 0 -1.53441e-7 1 0 -1.46068e-7 1 0.9921021 0 0.1254331 0.9921021 0 0.1254331 0.9921022 0 0.1254331 -0.9921021 0 0.1254331 0 0 1 0.02262389 -5.56477e-7 -0.9997441 0.02262389 -5.9744e-7 -0.9997441 -7.78167e-7 0 1 0 0 1 0 0 1 -8.35245e-7 0 1 0 0 1 0 0 1 0 0 1 -0.9951484 0.005052804 -0.09825539 -0.9951493 0.004888534 -0.09825557 0.9992273 0 0.03930473 0.9992273 0 0.03930473 0.9981862 0.04847198 0.03570508 0.9981864 0.04846924 0.0357052 0 0.9999492 -0.01007902 0.02192461 0.9997095 -0.01001185 0.02206438 0.9990231 -0.03828841 1.04749e-6 0.9992233 -0.03940576 0.9776377 -0.07264006 0.1973525 0.9787164 -0.04847192 0.1994106 0.9787167 -0.048469 0.1994099 0.9776366 -0.07264077 0.197358 -0.9997712 0 -0.02138781 -0.9997712 0 -0.02138781 -0.9986667 0.04845458 -0.01780909 -0.9986659 0.04847264 -0.01780456 0 0.9971107 -0.0759626 0.018592 0 0.9998272 0.01854497 0 0.9998281 0.02219718 0.9969052 -0.07541477 3.67894e-4 0.9989225 -0.04640811 6.28578e-4 0.9989184 -0.04649388 -0.9999397 -0.004493355 -0.0100317 -0.9999413 -0.004377901 -0.009910523 -0.9969266 -0.008055031 -0.07792669 -0.9969272 -0.008071303 -0.07791721 0.01782715 -0.009833812 -0.9997928 0.01782649 -0.009796559 -0.9997932 0.01782655 0 -0.9998411 0.01782655 0 -0.9998411 -4.07864e-4 0 -1 -4.07892e-4 0 -1 -4.07911e-4 0 -1 -4.07925e-4 0 -1 -0.9921022 0 0.1254331 0.199635 -0.009930014 -0.97982 0.1996343 -0.009892702 -0.9798206 0.1996464 1.67518e-7 -0.979868 0.1996467 1.67518e-7 -0.9798681 0.9921021 0 0.1254331 0.9921021 0 0.1254331 -0.979151 0 -0.203134 -0.9791509 0 -0.2031342 -0.9787166 0.04845464 -0.1994147 -0.9787151 0.04851979 -0.1994055 0.1996262 -0.01492363 -0.9797585 0.1996265 -0.01492363 -0.9797585 -0.9972302 -0.07264018 -0.01598161 -0.9986667 -0.04845446 -0.01780909 -0.9986659 -0.04847258 -0.01780456 -0.9972301 -0.07264095 -0.0159862 0.05110484 0.9986449 -0.009839415 0.07204002 0.9973555 -0.009617209 0.0714882 0.9967318 -0.03762209 0.05131208 0.997969 -0.03774851 0.02241832 -0.9969016 -0.075396 0.9967857 -0.07263302 0.0338062 0.9981862 -0.0484721 0.03570502 0.9981864 -0.04846936 0.03570526 0.9967833 -0.07264095 0.03385943 0.9968577 0.003853559 0.07912009 0.9968557 0.003855824 0.07914417 0.9927964 0.006866753 0.1196164 0.9927873 0.00671792 0.1197005 0.0357455 -0.009833812 -0.9993126 0.03574478 -0.009892761 -0.9993121 0.03574693 0 -0.9993609 0.03574687 0 -0.9993609 0.02184778 -0.9939943 -0.1072297 0.02184778 -0.9939943 -0.1072297 -0.03574532 1.47529e-7 0.9993609 -0.03574514 1.65493e-7 0.999361 0.001950979 0.9939944 -0.1094146 0.001950979 0.9939942 -0.1094159 0.001950979 0.9939943 -0.1094153 0.001950979 0.9939944 -0.109414 0.01859265 -2.4082e-7 -0.9998272 0.018592 3.91737e-7 -0.9998272 0.02237087 0.996903 -0.07539314 0 0.9971109 -0.07596158 -0.199624 -0.01474362 0.9797617 -0.1996366 -0.009782791 0.9798212 -0.1996362 -0.009777963 0.9798214 -0.199624 -0.01474362 0.9797617 0.02249038 0.9997472 0 0.02249038 0.9997471 0 0.01847779 0.9998294 6.1226e-7 0.01847851 0.9998293 4.88362e-7 0.9999619 0.003560662 0.00797981 0.9999628 0.003547549 0.007866203 1 0 0 1 0 0 -8.40305e-7 0 1 2.00045e-7 0 1 0 0 1 0 0 1 -7.1673e-7 0 1 0.9999627 -0.003642678 0.007842838 0.9980106 -0.006450176 0.06271702 0.9980118 -0.006435036 0.0626983 0.9999617 -0.003609299 0.007968425 0.0224899 0.9997472 9.36915e-7 0.0224899 0.9997471 9.10484e-7 0.02262389 2.98719e-7 0.9997441 0.02262389 2.78238e-7 0.9997441 -0.9888634 -0.008312821 -0.1485939 -0.9888702 -0.008493483 -0.1485382 -0.9951495 -0.004889428 -0.09825354 -0.9951529 -0.005101442 -0.09820723 0.979151 0 0.2031337 0.979151 0 0.2031336 0.03574532 0.009940803 -0.9993115 0.03574532 0.009929955 -0.9993117 -0.9776472 0.07263284 -0.1973081 -0.9776364 0.07264077 -0.1973589 0 -1.25728e-7 -1 0 -1.277e-7 -1 -0.1996462 -1.65494e-7 0.979868 -0.1996466 -1.65494e-7 0.9798681 -0.03574591 -0.00978285 0.9993131 -0.03574478 -0.009778082 0.9993132 -0.1996394 0.009777903 0.9798207 -0.1996375 0.009830474 0.9798206 -0.199629 0.0147435 0.9797607 -0.1996292 0.0147435 0.9797607 -0.9972302 0.07264041 -0.01598149 -0.9972314 0.07263374 -0.01593869 0.1996364 0.009940981 -0.9798197 0.1996213 0.01492363 -0.9797595 0.1996216 0.01492363 -0.9797595 0.1996372 0.009978294 -0.9798191 -0.9776571 -0.07262557 -0.1972614 -0.9787165 -0.04845464 -0.1994146 -0.9787166 -0.04847276 -0.1994098 -0.9776364 -0.07264071 -0.1973586 0.001106739 0.9985585 -0.05366164 0.001106262 0.9985578 -0.05367827 0.9787165 0.04847192 0.1994106 0.9787166 0.04846906 0.1994108 -0.9970758 2.45658e-7 -0.07642036 0.02262383 -2.50647e-7 -0.9997441 0.02262383 -3.00531e-7 -0.9997441 0.9776377 0.07263988 0.1973527 0.9776464 0.07263368 0.1973118 0 -1.277e-7 -1 0 0 -1 -1.23176e-7 0 -1 0.003912031 0.9939943 -0.1093623 0.003912031 0.9939941 -0.1093643 0.003912031 0.9939941 -0.1093634 0.003912031 0.9939944 -0.1093614 -0.01782381 0.01474332 0.9997325 -0.01782363 0.01474332 0.9997324 0.02248978 -0.9997471 -1.98379e-6 0.02248978 -0.9997472 -1.88355e-6 0 0 -1 -1 2.25696e-7 1.19209e-6 -1 9.13143e-7 1.19209e-6 -1 2.30877e-7 1.19209e-6 -1 -4.56571e-7 1.19209e-6 0.03348124 0.9964388 0.07738709 0.03354597 0.9964317 0.07745045 -0.02241832 0.9969016 -0.075396 -4.07647e-4 0 -1 -4.07576e-4 0 -1 0.9927892 -0.00629884 0.1197087 0.9968576 -0.003855705 0.07912153 0.996856 -0.00385499 0.07914102 0.9927874 -0.006718039 0.1197004 0.01847761 -0.9998294 0 0.01847833 -0.9998294 1.82888e-7 0.9967857 0.07263284 0.03380626 0.9967832 0.07264101 0.03385937 -0.01782602 -0.009687185 0.9997943 -0.01782608 -0.009682357 0.9997943 0.02192467 -0.9997092 -0.01004296 -0.0357452 -0.01474362 0.9992523 -0.03574532 -0.01474362 0.9992523 -0.9967835 0.07264024 -0.03385484 -0.9967833 0.07264101 -0.03385943 0.003911912 -0.9939942 -0.109363 0.003911912 -0.9939942 -0.1093637 0.003911972 -0.9939944 -0.1093622 0.003912031 -0.9939944 -0.1093615 0.9980106 0.006450772 0.06271672 0.9980118 0.006435573 0.062698 -0.0357443 0.01492387 -0.9992496 -0.03574424 0.01492387 -0.9992496 -0.03574603 0.009892702 -0.999312 -0.03574556 0.009978115 -0.9993112 -0.03574693 0 -0.9993609 -0.03574687 0 -0.9993609 -0.001950979 0.9939942 -0.109416 -0.001950979 0.9939941 -0.1094167 -0.001950979 0.9939942 -0.1094149 -0.001950979 0.9939944 -0.1094142 -0.9967835 0.07264 0.03385359 -0.9967832 0.07264095 0.03385937 -0.01782655 0 -0.9998411 -0.01782655 0 -0.9998411 0.199624 -0.01474362 0.9797617 0.199624 -0.01474362 0.9797617 -0.1996464 1.61281e-7 -0.9798681 -0.1996467 1.6045e-7 -0.9798681 -0.05216574 0.9958316 -0.07482153 0.9776473 -0.07263284 -0.1973079 0.9776562 -0.07262629 -0.1972659 0 -1.25728e-7 -1 0 -1.277e-7 -1 -1 1.43129e-7 0 -1 1.51114e-7 0 -0.009389519 0 0.999956 -0.00938946 1.20265e-7 0.999956 0.03574424 0.01492387 -0.9992496 0.0357443 0.01492387 -0.9992496 -0.03325128 -0.1158643 0.9927083 -0.03326922 -0.1158566 0.9927086 -0.03326624 -0.115866 0.9927077 -0.033234 -0.1158519 0.9927104 -0.03323405 -0.1158438 0.9927113 0.9998016 0 -0.01991879 0.01782649 0.009748518 -0.9997936 0.01782459 0.01492381 -0.9997298 0.01782459 0.01492381 -0.9997298 0.01782566 0.009785771 -0.9997933 0.005724251 0.9999258 0.0107522 0.005632042 0.9999263 0.01075917 -0.03325235 0.1158635 0.9927085 -0.03323221 0.1158444 0.9927113 -0.03323405 0.1158509 0.9927105 -0.03326714 0.115867 0.9927075 -0.03327244 0.1158555 0.9927086 1 7.52332e-7 1.19209e-6 1 1.49899e-6 1.19209e-6 1 7.46662e-7 1.19209e-6 1 0 1.19209e-6 0 -1.46068e-7 1 -0.07016152 0.9948686 -0.07289612 0.01782459 -0.01492375 -0.9997298 0.01782459 -0.01492375 -0.9997298 0.005677402 -0.9999261 0.01075577 0.005673885 -0.9999261 0.01075595 0.03354609 -0.9964317 0.07745081 0.03361779 -0.9964238 0.07752108 0.02249002 -0.9997471 -1.99213e-7 0.02249002 -0.9997472 -1.30156e-7 0.03574478 -0.01492369 -0.9992495 0.0357449 -0.01492369 -0.9992495 1.22455e-7 0 -1 0.02184855 0.9939938 -0.1072336 0.02184921 0.9939938 -0.1072335 0.02184891 0.9939938 -0.1072335 0.02184826 0.9939938 -0.1072335 8.40305e-7 0 1 -2.00045e-7 0 1 0 0 1 7.1673e-7 0 1 0 0 1 0 0 1 -5.41082e-4 0.9999999 0 -5.41083e-4 0.9999999 0 -0.01782363 -0.01474344 0.9997325 -0.01782363 -0.01474338 0.9997324 0 0 1 7.78167e-7 0 1 8.35245e-7 0 1 0 0 1 -2.90829e-4 -1 0 -0.002422928 -0.9999971 0 0.9999967 0.002616822 0 0.9999967 0.00261861 0 0.03325122 -0.1158646 0.9927084 0.03323405 -0.1158438 0.9927113 0.033234 -0.1158519 0.9927104 0.03326624 -0.115866 0.9927077 0.03326916 -0.1158566 0.9927087 0.03323596 0.11585 0.9927105 0.03323221 0.1158445 0.9927113 0.03324347 0.1158761 0.9927073 0.03324294 0.1158534 0.9927099 0.0332514 0.1158553 0.9927095 -0.9999967 0.002616822 0 -0.9999967 0.00261861 0 -0.9999976 -0.002216041 0 -0.9999976 -0.002217352 0 -0.9999966 -0.002617597 0 -0.9999967 -0.002615809 0 0.9999976 0.002216339 0 0.9999976 0.002216339 0 -0.9999976 0.002216517 0 -0.9999976 0.002215623 0 5.41082e-4 0.9999999 0 5.41083e-4 0.9999999 0 2.90863e-4 1 0 2.90829e-4 -1 0 0.002422928 -0.9999971 0 5.41709e-4 -1 0 5.41708e-4 -0.9999999 0 -5.41709e-4 -1 0 -5.41708e-4 -0.9999999 0 -0.002422928 0.9999971 0 -2.90864e-4 1 0 0.002422928 0.9999971 0 0.9999976 -0.002216339 0 0.9999976 -0.002216339 0 0.9999966 -0.002617299 0 0.9999967 -0.002616882 0 -0.2670499 -0.01526635 0.9635618 -0.9210182 -0.006195783 0.3894705 -0.921039 -0.006171643 0.3894217 -0.2670646 -0.01554489 0.9635533 0.002815604 -0.9998612 -0.01642036 0.005107522 -0.999824 -0.01805448 0.005022048 -0.9998254 -0.01800203 0.002650201 -0.9998639 -0.01628816 0.04857301 -0.01690846 0.9986766 0.04859781 -0.01774579 0.9986609 -0.04858726 -0.01727128 0.9986697 -0.04856735 -0.01767534 0.9986636 1.55312e-5 -0.9999022 -0.01398646 1.76467e-5 -0.9999023 -0.01398938 1.74615e-5 -0.9999022 -0.01398932 1.43405e-5 -0.9999022 -0.01398891 -7.1803e-4 -0.9998637 -0.01649767 -7.95046e-4 -0.9998632 -0.01653003 -0.006243526 -0.9998046 -0.01876229 -0.006792783 -0.9997953 -0.01905637 -0.004623711 0.9998653 0.01575165 -0.002332508 0.990537 0.1372267 -7.91579e-4 0.9903731 0.1384214 -0.001251697 0.9998702 0.01606917 -0.004140198 0.999867 0.01578211 -0.004052996 0.9998667 0.01582068 -0.004183053 0.999867 0.01576328 -0.005022048 -0.9998254 -0.01800173 -0.0049057 -0.9998273 -0.01792484 -0.003078579 -0.999857 -0.01662927 -0.002387821 -0.999868 -0.01607882 -0.2186529 0.01412218 -0.9757006 -0.04768025 0.01372039 -0.9987685 -0.04769301 0.0133633 -0.9987727 -0.2187748 0.01410412 -0.9756736 0.9968712 0.001607179 -0.07902801 0.9972303 -0.001218378 0.07436668 0.9972309 -0.0011729 0.07435822 0.9968724 0.001779735 -0.07900941 0.006243526 -0.9998046 -0.01876229 7.95596e-4 -0.999863 -0.01653116 7.61374e-4 -0.9998634 -0.0165165 0.006792783 -0.9997953 -0.01905661 7.80225e-4 0.9903745 0.1384118 0.002332508 0.990537 0.1372268 0.004162847 0.9998661 0.01582902 0.004155576 0.9998635 0.01599705 0.004002094 0.9998685 0.01571691 0.004098415 0.9998669 0.01579201 0.001227498 0.9998703 0.01606184 -0.2573906 0.01518625 -0.9661881 -0.2573267 0.01463443 -0.9662137 -0.9135375 0.00633502 -0.4067052 -0.9135262 0.006376147 -0.40673 0.2141922 -0.01548117 0.9766689 0.2138838 -0.01548445 0.9767364 -0.9968687 0.001606822 -0.07905811 -0.9968711 0.001809835 -0.07902449 -0.9880696 0.003142714 -0.1539762 -0.9880672 0.002675116 -0.1540005 -0.9880756 0.002312421 -0.1539525 -0.9880795 0.002409219 -0.1539256 0.002289116 -0.9998685 -0.01605772 0.002963423 -0.9998577 -0.01660758 0.004454851 -0.9998334 -0.01770681 0.004839718 -0.9998269 -0.01796782 -1.43448e-5 -0.9999022 -0.01398867 -1.55253e-5 -0.9999022 -0.0139864 3.78522e-4 -0.9998968 -0.01436096 3.21987e-4 -0.9998977 -0.01430922 0.9909464 -0.002126872 0.1342419 0.9909443 -0.002003073 0.1342595 0.00167948 0.9904233 0.1380546 5.93977e-4 0.9902281 0.1394562 -0.9909442 -0.002099633 0.1342582 -0.9909463 -0.001978218 0.1342442 -0.9972303 -0.001172304 0.07436746 -0.997231 -0.00122559 0.07435745 0.0476731 0.01308304 -0.9987773 0.04769194 0.01374346 -0.9987676 0.9880697 0.002711117 -0.1539837 0.9880671 0.003136932 -0.1539925 0.004047334 0.9998679 0.01574772 0.004176199 0.9998682 0.01569008 0.004226267 0.9998684 0.01566791 0.004227936 0.9998684 0.01566731 0.001389145 0.9998707 0.01602578 -1.74832e-5 -0.9999022 -0.0139895 -1.76586e-5 -0.9999021 -0.01398974 -0.0482856 -0.01578706 0.9987089 0.04826956 -0.0151562 0.9987194 0.04828369 -0.01582163 0.9987084 -0.04826205 -0.01515823 0.9987197 -0.004454851 -0.9998334 -0.01770681 -0.002963423 -0.9998577 -0.01660776 -0.002289116 -0.9998685 -0.01605731 -0.004839777 -0.9998269 -0.01796722 -3.79163e-4 -0.9998969 -0.0143612 -3.21987e-4 -0.9998977 -0.0143097 -0.9210002 -0.007894337 0.3894824 -0.920997 -0.008062183 0.3894863 -0.006020903 -0.9998067 -0.01872473 -0.006544232 -0.9997978 -0.01901447 0.2654601 -0.01891714 0.9639363 -0.2160499 -0.01815026 0.9762137 -0.2162076 -0.01821619 0.9761775 0.2654613 -0.01882481 0.9639377 0.9209977 -0.007861971 0.3894887 0.9210002 -0.008176684 0.3894764 0.257327 0.01472795 -0.9662122 0.25739 0.01463252 -0.9661968 0.9135154 0.006374955 -0.4067542 0.913526 0.006438016 -0.4067295 -5.59608e-4 0.990232 0.139429 -0.001670658 0.9904201 0.138077 -0.004378855 0.9998666 0.01573908 -0.004090905 0.999868 0.01572811 -0.001350045 0.9998704 0.01604384 -0.00418359 0.9998683 0.01568675 -0.00418961 0.9998683 0.01568335 0.2187221 0.0141294 -0.975685 0.2186508 0.01409745 -0.9757014 -0.2654607 -0.01948267 0.9639248 -0.2654587 -0.01882559 0.9639385 0.2161096 -0.01822668 0.976199 0.216044 -0.01815825 0.9762148 -0.9134826 0.006450891 -0.4068266 -0.2556995 0.01560074 -0.9666305 -0.2557403 0.01532489 -0.9666241 -0.9134983 0.006468117 -0.4067912 0.9880795 0.002312541 -0.1539271 0.9880756 0.002433836 -0.1539508 0.9210178 -0.006172776 0.3894717 0.9210391 -0.006194829 0.3894211 -5.40307e-6 -0.9999423 -0.01075708 1.92802e-5 -0.9998697 -0.01614564 1.04755e-5 -0.9998686 -0.0162149 2.21478e-5 -0.9999421 -0.01076465 1.27181e-5 -0.9999421 -0.01075881 -6.388e-7 -0.9999422 -0.01075643 2.64151e-5 -0.9999424 -0.01074343 3.07605e-5 -0.9999428 -0.01069772 -2.56471e-5 -0.9999423 -0.01075357 -9.01695e-6 -0.9999422 -0.01075989 -7.24898e-5 -0.999942 -0.01078128 2.58721e-6 -0.9999423 -0.01075392 7.65594e-6 -0.9999423 -0.01074969 3.56473e-5 -0.9998685 -0.01621574 -2.02656e-5 -0.9998697 -0.01614868 -1.42745e-5 -0.9999422 -0.0107581 7.05011e-7 -0.9999421 -0.01075828 -3.04729e-6 -0.9999422 -0.01076221 -0.996329 0.001358866 -0.08559721 -0.9963311 0.00140202 -0.08557152 0.2670513 -0.01555943 0.9635568 0.2670113 -0.01527148 0.9635724 0.9653916 0.003295838 -0.2607838 0.9652988 0.003300189 -0.2611271 0.9358835 -0.004389643 0.3522827 0.9358792 -0.004452884 0.352293 0.220632 0.01546216 -0.9752346 0.220664 0.01544797 -0.9752275 0.9909355 -0.002154529 0.1343218 0.990939 -0.002001285 0.1342981 0.9976354 -0.001089334 0.06871962 0.997634 -0.001136004 0.06873965 -0.2142409 -0.01548999 0.9766581 -0.2139821 -0.0154823 0.9767149 -0.9909391 -0.00213325 0.1342961 -0.9909355 -0.002001047 0.134324 -0.04803389 0.01583081 -0.9987203 -0.04800373 0.01511079 -0.9987329 -0.2206315 0.01544266 -0.9752349 -0.2207131 0.0154618 -0.9752162 3.93122e-4 -0.999897 -0.01434624 3.69206e-4 -0.9998975 -0.01432073 -3.69198e-4 -0.9998975 -0.01432061 -5.33438e-4 -0.9998951 -0.01447719 0.006020843 -0.9998067 -0.01872491 0.006544232 -0.9997978 -0.01901483 -0.9976354 -0.00113517 0.06871896 -0.997634 -0.001087248 0.06874042 8.10267e-4 -0.9998629 -0.01654273 8.61293e-4 -0.9998625 -0.01656478 0.04800915 0.01572841 -0.9987232 0.04801714 0.01510792 -0.9987323 0.996329 0.001403212 -0.08559662 0.9963311 0.001361131 -0.08557218 0.6586068 -0.009525775 0.7524269 0.6585848 -0.009508967 0.7524464 0.2556993 0.01532751 -0.9666349 0.2557418 0.01561552 -0.966619 0.9859309 0.002112686 -0.1671401 0.9859309 0.002112746 -0.16714 0.9859309 0.002112448 -0.1671409 0.9859308 0.002112448 -0.167141 0.9135056 0.006468892 -0.4067749 0.9134986 0.006446599 -0.406791 0.2570794 0.01221418 -0.9663132 0.2569583 0.01221537 -0.9663453 0.7040992 0.008974254 -0.710045 0.7045041 0.008969008 -0.7096433 -8.55174e-4 -0.9998625 -0.01656234 -7.73345e-4 -0.9998632 -0.0165261 1 -3.98015e-7 0 1 -1.7194e-6 0 1 -1.76828e-6 0 1 0 0 2.03624e-5 -0.9998139 -0.01929467 -2.66562e-7 -0.9998142 -0.01927769 1.95438e-6 -0.9998142 -0.019279 1.02636e-5 -0.999814 -0.0192849 6.33625e-6 -0.9998141 -0.01928216 1.18734e-5 -0.9998141 -0.01928555 2.04444e-5 -0.9998142 -0.01927489 1.21375e-5 -0.9998142 -0.01927536 3.15532e-6 -0.9998143 -0.0192762 1.00657e-5 -0.9998142 -0.01927888 -3.28943e-6 -0.9998142 -0.01927822 -4.83636e-6 -0.9998139 -0.01929348 -7.05011e-6 -0.9998141 -0.01928466 1.81077e-5 -0.999814 -0.01928734 2.02656e-5 -0.999814 -0.01928871 -6.38422e-6 -0.9998143 -0.0192731 2.46461e-5 -0.9998148 -0.01925212 3.82984e-5 -0.9998142 -0.01927793 -5.31797e-6 -0.9998142 -0.01927673 -5.59015e-6 -0.9998129 -0.01934564 -0.9358977 -0.004451453 0.3522439 -0.9653209 0.003292679 -0.2610457 -0.9654247 0.003304839 -0.2606615 -0.9358793 -0.004369616 0.3522937 -0.9859309 0.002112448 -0.1671408 -0.9859309 0.002112686 -0.16714 -0.985931 0.002112627 -0.1671401 -0.9859308 0.002112388 -0.167141 0 0.3695406 0.9292146 0 0.3695731 0.9292017 0 0.2061083 0.9785293 0 0.2061083 0.9785293 -0.6586083 -0.009509384 0.7524259 -0.6586205 -0.009526669 0.752415 -0.7044309 0.008968532 -0.709716 -0.2569582 0.01221537 -0.9663454 -0.2572026 0.01221525 -0.9662804 -0.7045334 0.008975863 -0.7096142 0 0.9999983 -0.00186181 0 0.9157887 -0.4016603 0 0.9157882 -0.4016616 0 0.9999983 -0.001863241 0 -0.01263791 0.9999202 0 -0.01263791 0.9999201 0 -0.01263791 0.9999202 0 -0.01263797 0.9999201 -0.5438313 -0.0106042 0.8391276 -0.5438265 -0.01060634 0.8391307 -1 0 0 -1 0 0 -1 0 0 -1 1.73195e-7 0 8.74653e-5 0.9157882 -0.4016616 0 0.9157887 -0.4016603 0 0.9999983 -0.00186181 0 0.9999983 -0.001863241 1.13819e-4 0.3695731 0.9292017 0 0.3695406 0.9292147 0 -0.9785289 0.2061096 0 -0.978529 0.2061097 -1 -1.92929e-6 0 -1 -2.02965e-6 0 -1 3.35521e-7 0 -1 3.77181e-7 0 1 0 0 1 0 0 1 -3.1236e-7 0 1 -3.12361e-7 0 0 -0.03666871 -0.9993275 -5.05288e-5 -0.03663378 -0.9993287 0 -0.206108 -0.9785293 0 -0.2061081 -0.9785293 0 -0.9785292 0.2061084 -1 1.23444e-6 0 -1 9.38825e-7 0 -1 0 0 -1 1.96522e-7 0 -1 0 0 -1 0 0 -1 -3.08324e-7 0 -1 -2.40422e-7 0 1.77993e-5 0.9999983 -0.001863479 0 0.9999983 -0.001864373 -6.41995e-5 0.9157893 -0.401659 0 0.9157897 -0.4016581 -7.16177e-5 -0.03666388 -0.9993277 0 -0.03666907 -0.9993274 0 -0.2061095 -0.978529 0 -0.2061097 -0.9785289 0 0.2061095 0.9785289 0 0.2061094 0.978529 0 0.3695449 0.9292129 0 0.36954 0.9292149 7.47981e-7 -0.9999141 -0.01310825 -7.51112e-7 -0.9999141 -0.01310843 1.17925e-4 -0.9999145 -0.01307445 -2.34321e-6 -0.9999138 -0.01313108 -1.6829e-6 -0.9999138 -0.01312887 5.06523e-7 -0.9999138 -0.01313352 0 -0.9999138 -0.01313501 0 -0.9999138 -0.01313483 2.3609e-7 -0.9999138 -0.01313453 -2.30037e-7 -0.9999138 -0.01313471 -3.14985e-6 -0.9999136 -0.01315164 -4.3218e-6 -0.9999136 -0.0131542 -8.11694e-6 -0.9999134 -0.01316475 0 -0.9999138 -0.01313382 0 -0.03663378 -0.9993287 -2.94542e-5 -0.03666871 -0.9993275 0.5438292 -0.0106042 0.839129 0.5438247 -0.01060628 0.8391318 1 7.28173e-7 0 1 7.99548e-7 0 1 1.23444e-6 0 1 5.30034e-7 0 1 4.67385e-7 0 1 3.78563e-7 0 1 -4.9918e-7 0 1 1.81049e-7 0 1 0 0 1 0 0 1 0 0 0 0.9157894 -0.401659 -7.07456e-6 0.9999983 -0.001864373 0 0.9999983 -0.001863479 0 0.9157897 -0.4016581 2.10633e-5 -0.03666907 -0.9993275 0 -0.03666388 -0.9993277 0 0.3695449 0.9292129 1.47611e-4 0.3695401 0.9292148</float_array>
          <technique_common>
            <accessor source="#Cube_001-mesh-normals-array" count="1064" stride="3">
              <param name="X" type="float"/>
              <param name="Y" type="float"/>
              <param name="Z" type="float"/>
            </accessor>
          </technique_common>
        </source>
        <source id="Cube_001-mesh-map-0">
          <float_array id="Cube_001-mesh-map-0-array" count="5880">0.2452498 0.1628084 0.3019925 0.1628639 0.3035818 0.1760147 0.3035818 0.1760147 0.2459071 0.1759586 0.2452498 0.1628084 0.1655875 0.947068 0.1373872 0.947068 0.1373872 0.9355755 0.1373872 0.9355755 0.1655875 0.9355755 0.1655875 0.947068 0.02258968 0.6839045 0.02162146 0.6911557 0.008500337 0.6891776 0.008500337 0.6891776 0.009550034 0.6819358 0.02258968 0.6839045 0.6422764 0.3262401 0.6587024 0.3262402 0.6562362 0.433756 0.6562362 0.433756 0.6446757 0.433756 0.6422764 0.3262401 0.3585496 0.9509564 0.3585496 0.9672859 0.2510338 0.964891 0.2510338 0.964891 0.2510338 0.9533985 0.3585496 0.9509564 0.6745507 0.6264082 0.6745505 0.7085463 0.5973785 0.708546 0.5973785 0.708546 0.5973787 0.6255748 0.6745507 0.6264082 0.5399442 0.6208977 0.539944 0.7085448 0.526775 0.7085444 0.526775 0.7085444 0.5267752 0.6198253 0.5399442 0.6208977 0.526775 0.7085444 0.539944 0.7085448 0.5399438 0.7961919 0.5399438 0.7961919 0.5267747 0.7972636 0.526775 0.7085444 0.1404655 0.1054327 0.1375985 0.1627833 0.08266627 0.1628084 0.08266627 0.1628084 0.08553308 0.1054566 0.1404655 0.1054327 0.2510338 0.9533985 0.2510338 0.964891 0.2228335 0.964891 0.2228335 0.964891 0.2228335 0.9533985 0.2510338 0.9533985 0.865627 0.7085458 0.8524579 0.7085462 0.8524577 0.6208991 0.8524577 0.6208991 0.8656268 0.6198267 0.865627 0.7085458 0.1881178 0.5670987 0.1881178 0.5507684 0.2045429 0.5507684 0.2045429 0.5507684 0.204543 0.5670987 0.1881178 0.5670987 0.3666216 0.08431422 0.501535 0.08431416 0.501535 0.1468886 0.501535 0.1468886 0.3666216 0.1513456 0.3666216 0.08431422 0.02433419 0.1760146 0.02592343 0.1628638 0.08266627 0.1628084 0.08266627 0.1628084 0.08200895 0.1759586 0.02433419 0.1760146 0.7128848 0.8317564 0.7106164 0.8028472 0.7945454 0.7975325 0.7945454 0.7975325 0.7961735 0.8267696 0.7128848 0.8317564 0.2418751 0.02829593 0.2938273 0.0283479 0.2950614 0.105509 0.2950614 0.105509 0.2423829 0.1054566 0.2418751 0.02829593 0.2452498 0.1628084 0.1903175 0.1627832 0.1874505 0.1054327 0.1874505 0.1054327 0.2423829 0.1054566 0.2452498 0.1628084 0.7950234 0.7085474 0.7178515 0.7085476 0.7178512 0.6264095 0.7178512 0.6264095 0.7950232 0.6255761 0.7950234 0.7085474 0.2423829 0.1054566 0.1874505 0.1054327 0.186944 0.02827233 0.186944 0.02827233 0.2418751 0.02829593 0.2423829 0.1054566 0.001594245 0.5142523 0.001666307 0.3620359 0.1383535 0.3793388 0.1383535 0.3793388 0.1382918 0.5142523 0.001594245 0.5142523 0.2441917 0.5802814 0.167565 0.5810848 0.160207 0.5737166 0.160207 0.5737166 0.2436888 0.5698805 0.2441917 0.5802814 0.3434153 0.7273478 0.3448513 0.7582575 0.3316816 0.7576944 0.3316816 0.7576944 0.3302885 0.7264013 0.3434153 0.7273478 0.6562362 0.4619563 0.6562362 0.4901566 0.6446757 0.4901566 0.6446757 0.4901566 0.6446757 0.4619563 0.6562362 0.4619563 0.9563102 0.4579514 0.9254007 0.4565113 0.9229431 0.399183 0.9229431 0.399183 0.9521802 0.4008112 0.9563102 0.4579514 0.1481405 0.2817749 0.09320932 0.2817749 0.09320932 0.2033933 0.09320932 0.2033933 0.1481405 0.2051021 0.1481405 0.2817749 0.1373872 0.9355755 0.1373872 0.947068 0.1091868 0.947068 0.1091868 0.947068 0.1091868 0.9355755 0.1373872 0.9355755 0.3012706 0.5755724 0.2441917 0.5802814 0.2436888 0.5698805 0.2436888 0.5698805 0.3005233 0.5651869 0.3012706 0.5755724 0.8620556 0.949567 0.8036249 0.9503591 0.8039821 0.9406234 0.8039821 0.9406234 0.8631277 0.9398313 0.8620556 0.949567 0.3037148 0.4033768 0.3049489 0.3262326 0.3569011 0.3262711 0.3569011 0.3262711 0.3563933 0.4034158 0.3037148 0.4033768 0.4113258 0.4034336 0.4084587 0.4606814 0.3535265 0.4606626 0.3535265 0.4606626 0.3563933 0.4034158 0.4113258 0.4034336 0.6684416 0.9621402 0.5790225 0.9621402 0.5790225 0.9331421 0.5790225 0.9331421 0.6684939 0.9331421 0.6684416 0.9621402 0.9315375 0.860849 0.926225 0.9448699 0.8973156 0.9426035 0.8973156 0.9426035 0.9023 0.8592256 0.9315375 0.860849 0.9285188 0.7902417 0.9290819 0.8034115 0.8981723 0.8019754 0.8981723 0.8019754 0.8972258 0.7888486 0.9285188 0.7902417 0.7945454 0.7975325 0.8518737 0.7999902 0.8533138 0.8308997 0.8533138 0.8308997 0.7961735 0.8267696 0.7945454 0.7975325 0.3396443 0.5551214 0.3500469 0.5546579 0.3508799 0.6317826 0.3508799 0.6317826 0.3435943 0.6392212 0.3396443 0.5551214 0.07889235 0.6753275 0.001754224 0.6768646 0.001685976 0.6695474 0.001685976 0.6695474 0.07827955 0.6680359 0.07889235 0.6753275 0.2490436 0.2033933 0.2490436 0.2817749 0.1941124 0.2817749 0.1941124 0.2817749 0.1941124 0.2051021 0.2490436 0.2033933 0.4118323 0.3262887 0.4113258 0.4034336 0.3563933 0.4034158 0.3563933 0.4034158 0.3569011 0.3262711 0.4118323 0.3262887 0.3349868 0.4982337 0.345372 0.4974889 0.3500469 0.5546579 0.3500469 0.5546579 0.3396443 0.5551214 0.3349868 0.4982337 0.5790225 0.9331421 0.5790225 0.9621402 0.4896032 0.9621402 0.4896032 0.9621402 0.4895511 0.9331421 0.5790225 0.9331421 0.6336013 0.4818975 0.6383128 0.5389764 0.6279119 0.5394794 0.6279119 0.5394794 0.6232158 0.4826449 0.6336013 0.4818975 0.4840434 0.7264913 0.4863098 0.7554006 0.4022889 0.7607131 0.4022889 0.7607131 0.4006654 0.7314756 0.4840434 0.7264913 0.1602067 0.6631925 0.1675648 0.6631925 0.1675646 0.7453002 0.1675646 0.7453002 0.1602066 0.7526684 0.1602067 0.6631925 0.1602066 0.7526684 0.1675646 0.7453002 0.2441912 0.746104 0.2441912 0.746104 0.2436883 0.756505 0.1602066 0.7526684 0.1091868 0.9355755 0.1091868 0.947068 0.001671016 0.9495108 0.001671016 0.9495108 0.001671016 0.9331814 0.1091868 0.9355755 0.3005228 0.761201 0.3012701 0.7508156 0.3143577 0.7518959 0.3143577 0.7518959 0.3135544 0.7622778 0.3005228 0.761201 0.7744091 0.9406234 0.7744092 0.9503591 0.7451936 0.9503592 0.7451936 0.9503592 0.7448361 0.9406235 0.7744091 0.9406234 0.3186197 0.6247004 0.3054722 0.6266784 0.3045033 0.6194273 0.3045033 0.6194273 0.3175696 0.6174585 0.3186197 0.6247004 0.07945978 0.6924914 0.07884699 0.6997831 0.02162146 0.6911557 0.02162146 0.6911557 0.02258968 0.6839045 0.07945978 0.6924914 0.6114149 0.530651 0.6187322 0.5306517 0.6187321 0.6127858 0.6187321 0.6127858 0.6114149 0.6127548 0.6114149 0.530651 0.8848443 0.6152598 0.8921614 0.6153288 0.8906242 0.6924903 0.8906242 0.6924903 0.8833327 0.691876 0.8848443 0.6152598 0.8747458 0.7488621 0.8819969 0.749831 0.8800188 0.7629785 0.8800188 0.7629785 0.8727769 0.7619283 0.8747458 0.7488621 0.1361178 0.6667001 0.07889235 0.6753275 0.07827955 0.6680359 0.07827955 0.6680359 0.1351496 0.659449 0.1361178 0.6667001 0.9490663 0.5893734 0.9606272 0.5893734 0.9606272 0.6175737 0.9606272 0.6175737 0.9490663 0.6175737 0.9490663 0.5893734 0.8002081 0.5958099 0.6632425 0.6131128 0.6632961 0.4608964 0.6632961 0.4608964 0.8002539 0.4608964 0.8002081 0.5958099 0.8833327 0.691876 0.8906242 0.6924903 0.8819969 0.749831 0.8819969 0.749831 0.8747458 0.7488621 0.8833327 0.691876 0.5206662 0.4974884 0.5217385 0.4843802 0.5321199 0.4851895 0.5321199 0.4851895 0.5310515 0.4982332 0.5206662 0.4974884 0.2436883 0.756505 0.2441912 0.746104 0.3012701 0.7508156 0.3012701 0.7508156 0.3005228 0.761201 0.2436883 0.756505 0.3339188 0.48519 0.3443002 0.4843806 0.345372 0.4974889 0.345372 0.4974889 0.3349868 0.4982337 0.3339188 0.48519 0.149239 0.6647221 0.1361178 0.6667001 0.1351496 0.659449 0.1351496 0.659449 0.1481893 0.6574802 0.149239 0.6647221 0.8981723 0.8019754 0.9290819 0.8034115 0.9315375 0.860849 0.9315375 0.860849 0.9023 0.8592256 0.8981723 0.8019754 0.6187322 0.4485175 0.6187322 0.5306517 0.6114149 0.530651 0.6114149 0.530651 0.6114149 0.4485472 0.6187322 0.4485175 0.3143582 0.5744926 0.3012706 0.5755724 0.3005233 0.5651869 0.3005233 0.5651869 0.3135548 0.5641106 0.3143582 0.5744926 0.8524581 0.7961932 0.8524579 0.7085462 0.865627 0.7085458 0.865627 0.7085458 0.8656272 0.797265 0.8524581 0.7961932 0.2459071 0.1759586 0.1909749 0.1759331 0.1903175 0.1627832 0.1903175 0.1627832 0.2452498 0.1628084 0.2459071 0.1759586 0.6308658 0.9798244 0.6308667 0.9849589 0.601295 0.9849589 0.601295 0.9849589 0.6012942 0.9798244 0.6308658 0.9798244 0.9606272 0.645774 0.9630352 0.7532898 0.9466085 0.7532898 0.9466085 0.7532898 0.9490664 0.645774 0.9606272 0.645774 0.8533138 0.8308997 0.8518737 0.7999902 0.8650184 0.8005537 0.8650184 0.8005537 0.8664154 0.8318466 0.8533138 0.8308997 0.5973787 0.6255748 0.5973785 0.708546 0.539944 0.7085448 0.539944 0.7085448 0.5399442 0.6208977 0.5973787 0.6255748 0.2423829 0.1054566 0.2950614 0.105509 0.3019925 0.1628639 0.3019925 0.1628639 0.2452498 0.1628084 0.2423829 0.1054566 0.1821622 0.975378 0.2405943 0.9753037 0.2402366 0.9848711 0.2402366 0.9848711 0.1810898 0.9849455 0.1821622 0.975378 0.539944 0.7085448 0.5973785 0.708546 0.5973783 0.7915173 0.5973783 0.7915173 0.5399438 0.7961919 0.539944 0.7085448 0.2405943 0.9753037 0.26981 0.9753037 0.2698097 0.9848712 0.2698097 0.9848712 0.2402366 0.9848711 0.2405943 0.9753037 0.9885293 0.6145617 0.9790292 0.6149188 0.9789546 0.5564881 0.9789546 0.5564881 0.9884546 0.5554162 0.9885293 0.6145617 0.9900447 0.4305309 0.9850127 0.4305208 0.9850127 0.4009492 0.9850127 0.4009492 0.9900447 0.4009591 0.9900447 0.4305309 0.9885293 0.6441348 0.9790294 0.6441345 0.9790292 0.6149188 0.9790292 0.6149188 0.9885293 0.6145617 0.9885293 0.6441348 0.978955 0.7317822 0.9790294 0.6733502 0.9885294 0.6737079 0.9885294 0.6737079 0.988455 0.7328546 0.978955 0.7317822 0.9850127 0.4600925 0.9850127 0.4305208 0.9900447 0.4305309 0.9900447 0.4305309 0.9900447 0.4601024 0.9850127 0.4600925 0.839778 0.9932163 0.8982065 0.9888481 0.8982167 0.9938801 0.8982167 0.9938801 0.8397883 0.9982484 0.839778 0.9932163 0.9806444 0.5192359 0.9850127 0.4600925 0.9900447 0.4601024 0.9900447 0.4601024 0.9856764 0.5192459 0.9806444 0.5192359 0.7229314 0.9938801 0.7229211 0.9888481 0.7813496 0.9932163 0.7813496 0.9932163 0.7813599 0.9982484 0.7229314 0.9938801 0.2698097 0.9848712 0.26981 0.9753037 0.2990257 0.9753038 0.2990257 0.9753038 0.2993828 0.9848712 0.2698097 0.9848712 0.2967837 0.4606214 0.3037148 0.4033768 0.3563933 0.4034158 0.3563933 0.4034158 0.3535265 0.4606626 0.2967837 0.4606214 0.9619385 0.103924 0.9716901 0.103924 0.9716733 0.1090593 0.9716733 0.1090593 0.9619215 0.1090593 0.9619385 0.103924 0.9680597 0.9118502 0.9671911 0.8534182 0.9769291 0.8537756 0.9769291 0.8537756 0.9777978 0.9129224 0.9680597 0.9118502 0.3140664 0.3173497 0.314086 0.3224851 0.3043591 0.3224851 0.3043591 0.3224851 0.3043396 0.3173497 0.3140664 0.3173497 0.9671911 0.8534182 0.9671911 0.8242026 0.9769291 0.8242027 0.9769291 0.8242027 0.9769291 0.8537756 0.9671911 0.8534182 0.731141 0.9538946 0.7314984 0.9636255 0.6730676 0.9629034 0.6730676 0.9629034 0.6719955 0.9531725 0.731141 0.9538946 0.7124355 0.9930118 0.7124364 0.9981464 0.6540159 0.9938512 0.6540159 0.9938512 0.654015 0.9887166 0.7124355 0.9930118 0.7607141 0.9538945 0.7607141 0.9636254 0.7314984 0.9636255 0.7314984 0.9636255 0.731141 0.9538946 0.7607141 0.9538945 0.7899298 0.9636254 0.7607141 0.9636254 0.7607141 0.9538945 0.7607141 0.9538945 0.7902872 0.9538944 0.7899298 0.9636254 0.7820588 0.9842426 0.8116305 0.9842426 0.8116296 0.9893772 0.8116296 0.9893772 0.782058 0.9893772 0.7820588 0.9842426 0.5955875 0.9938512 0.5371511 0.9981464 0.5371502 0.9930118 0.5371502 0.9930118 0.5955865 0.9887166 0.5955875 0.9938512 0.7229078 0.9799474 0.7820588 0.9842426 0.782058 0.9893772 0.782058 0.9893772 0.7229068 0.985082 0.7229078 0.9799474 0.8412012 0.9893772 0.8412021 0.9842426 0.9003377 0.9799474 0.9003377 0.9799474 0.9003369 0.985082 0.8412012 0.9893772 0.8483617 0.9629029 0.7899298 0.9636254 0.7902872 0.9538944 0.7902872 0.9538944 0.8494339 0.953172 0.8483617 0.9629029 0.9769292 0.7946296 0.9671912 0.7949869 0.9680601 0.7365562 0.9680601 0.7365562 0.9777982 0.735484 0.9769292 0.7946296 0.3476551 0.2729091 0.3476552 0.2826611 0.3425198 0.2826429 0.3425198 0.2826429 0.3425198 0.2728909 0.3476551 0.2729091 0.4699437 0.7739444 0.4115117 0.7747362 0.4118691 0.7650005 0.4118691 0.7650005 0.4710158 0.7642087 0.4699437 0.7739444 0.352723 0.7650003 0.3530803 0.7747361 0.2946496 0.773944 0.2946496 0.773944 0.2935775 0.7642082 0.352723 0.7650003 0.4115117 0.7747362 0.382296 0.7747361 0.382296 0.7650004 0.382296 0.7650004 0.4118691 0.7650005 0.4115117 0.7747362 0.8876717 0.9762124 0.8873144 0.9664897 0.9457452 0.9671345 0.9457452 0.9671345 0.9468172 0.9768572 0.8876717 0.9762124 0.9797483 0.2488997 0.9848803 0.2489015 0.9891892 0.3080379 0.9891892 0.3080379 0.9840571 0.3080361 0.9797483 0.2488997 0.8580987 0.9762125 0.8580988 0.9664899 0.8873144 0.9664897 0.8873144 0.9664897 0.8876717 0.9762124 0.8580987 0.9762125 0.9797483 0.2193281 0.9848803 0.2193298 0.9848803 0.2489015 0.9848803 0.2489015 0.9797483 0.2488997 0.9797483 0.2193281 0.9848803 0.1897582 0.9848803 0.2193298 0.9797483 0.2193281 0.9797483 0.2193281 0.9797483 0.1897564 0.9848803 0.1897582 0.1185186 0.9887054 0.1769542 0.9843967 0.1769561 0.9895288 0.1769561 0.9895288 0.1185204 0.9938376 0.1185186 0.9887054 0.9891892 0.1306079 0.9848803 0.1897582 0.9797483 0.1897564 0.9797483 0.1897564 0.9840571 0.1306061 0.9891892 0.1306079 0.006799161 0.3181915 0.001663804 0.31821 0.001663804 0.3084834 0.001663804 0.3084834 0.006799161 0.3084649 0.006799161 0.3181915 0.828883 0.9664899 0.8580988 0.9664899 0.8580987 0.9762125 0.8580987 0.9762125 0.8285256 0.9762126 0.828883 0.9664899 0.382296 0.7650004 0.382296 0.7747361 0.3530803 0.7747361 0.3530803 0.7747361 0.352723 0.7650003 0.382296 0.7650004 0.6442848 0.1506184 0.6540368 0.1506184 0.6540188 0.1557537 0.6540188 0.1557537 0.6442668 0.1557539 0.6442848 0.1506184 0.515156 0.6317822 0.5159893 0.5546575 0.5263919 0.555121 0.5263919 0.555121 0.5224416 0.6392208 0.515156 0.6317822 0.03285461 0.1055089 0.03408873 0.0283479 0.08604091 0.02829599 0.08604091 0.02829599 0.08553308 0.1054566 0.03285461 0.1055089 0.9966922 0.3292307 0.980267 0.3292307 0.9802671 0.3129004 0.9802671 0.3129004 0.9966922 0.3129004 0.9966922 0.3292307 0.5916523 0.3262411 0.5892582 0.433757 0.5777657 0.433757 0.5777657 0.433757 0.5753229 0.3262411 0.5916523 0.3262411 0.3054722 0.6266784 0.2481315 0.6353057 0.2475172 0.6280142 0.2475172 0.6280142 0.3045033 0.6194273 0.3054722 0.6266784 0.9642717 0.220342 0.9618296 0.1128262 0.9781591 0.1128262 0.9781591 0.1128262 0.9757643 0.220342 0.9642717 0.220342 0.6625149 0.1603648 0.6573795 0.1603828 0.6573795 0.1506308 0.6573795 0.1506308 0.6625149 0.1506127 0.6625149 0.1603648 0.5892582 0.433757 0.5892582 0.4619573 0.5777657 0.4619573 0.5777657 0.4619573 0.5777657 0.433757 0.5892582 0.433757 0.9584564 0.1655865 0.9608644 0.2731024 0.9444377 0.2731024 0.9444377 0.2731024 0.9468955 0.1655865 0.9584564 0.1655865 0.4334056 0.1528379 0.4334074 0.1579701 0.3742571 0.1622789 0.3742571 0.1622789 0.3742553 0.1571468 0.4334056 0.1528379 0.5916524 0.3262411 0.6080784 0.3262411 0.6056122 0.433757 0.6056122 0.433757 0.5940517 0.433757 0.5916524 0.3262411 0.9584564 0.1373862 0.9584564 0.1655865 0.9468955 0.1655865 0.9468955 0.1655865 0.9468955 0.1373862 0.9584564 0.1373862 0.4497693 0.9739893 0.4497693 0.9642584 0.478985 0.9642585 0.478985 0.9642585 0.4793423 0.9739894 0.4497693 0.9739893 0.9642717 0.2485423 0.9642717 0.220342 0.9757643 0.220342 0.9757643 0.220342 0.9757643 0.2485423 0.9642717 0.2485423 0.5940517 0.433757 0.6056122 0.433757 0.6056122 0.4619573 0.6056122 0.4619573 0.5940517 0.4619573 0.5940517 0.433757 0.163958 0.1627832 0.1903175 0.1627832 0.1909749 0.1759331 0.1909749 0.1759331 0.163958 0.1759331 0.163958 0.1627832 0.1233752 0.001663386 0.1233759 0.008980572 0.0412417 0.008980572 0.0412417 0.008980572 0.04127138 0.001663386 0.1233752 0.001663386 0.6391166 0.615603 0.7212243 0.6156028 0.7212243 0.6229609 0.7212243 0.6229609 0.6317485 0.6229611 0.6391166 0.615603 0.9781591 0.3842585 0.9618296 0.3842585 0.9642717 0.2767426 0.9642717 0.2767426 0.9757643 0.2767426 0.9781591 0.3842585 0.3621228 0.9649805 0.4205536 0.9642583 0.4201962 0.9739893 0.4201962 0.9739893 0.3610507 0.9747114 0.3621228 0.9649805 0.163958 0.1054327 0.1874505 0.1054327 0.1903175 0.1627832 0.1903175 0.1627832 0.163958 0.1627832 0.163958 0.1054327 0.51611 0.4606626 0.5728528 0.4606215 0.574442 0.473747 0.574442 0.473747 0.5167673 0.4737887 0.51611 0.4606626 0.163958 0.02827233 0.186944 0.02827233 0.1874505 0.1054327 0.1874505 0.1054327 0.163958 0.1054327 0.163958 0.02827233 0.4793423 0.9739894 0.478985 0.9642585 0.5374169 0.9649809 0.5374169 0.9649809 0.5384891 0.9747118 0.4793423 0.9739894 0.6364484 0.08431416 0.501535 0.08431416 0.5015351 0.02173978 0.5015351 0.02173978 0.6364485 0.01728278 0.6364484 0.08431416 0.1375985 0.1627833 0.1404655 0.1054327 0.163958 0.1054327 0.163958 0.1054327 0.163958 0.1627832 0.1375985 0.1627833 0.4862596 0.94741 0.4079207 0.9474098 0.4079183 0.8108682 0.4079183 0.8108682 0.4749528 0.8108684 0.4862596 0.94741 0.347781 0.4774063 0.4261199 0.4774061 0.4261175 0.6139477 0.4261175 0.6139477 0.3590829 0.6139478 0.347781 0.4774063 0.501535 0.1468886 0.501535 0.08431416 0.6364484 0.08431416 0.6364484 0.08431416 0.6364484 0.1513456 0.501535 0.1468886 0.2731034 0.9495108 0.1655875 0.947068 0.1655875 0.9355755 0.1655875 0.9355755 0.2731034 0.9331814 0.2731034 0.9495108 0.3518139 0.1790974 0.351814 0.09038239 0.3632903 0.09038239 0.3518139 0.1790974 0.3632903 0.09038239 0.3632903 0.1687176 0.3518139 0.1790974 0.3632903 0.1687176 0.5155068 0.1635091 0.5155068 0.1635091 0.5155068 0.1731987 0.4884898 0.1731986 0.5155068 0.1635091 0.4884898 0.1731986 0.4335577 0.1750444 0.5155068 0.1635091 0.4335577 0.1750444 0.3758829 0.1790974 0.3518139 0.1790974 0.5155068 0.1635091 0.3758829 0.1790974 0.632521 0.46881 0.6336013 0.4818975 0.6232158 0.4826449 0.6232158 0.4826449 0.6221391 0.4696134 0.632521 0.46881 0.5159893 0.5546575 0.5206662 0.4974884 0.5310515 0.4982332 0.5310515 0.4982332 0.5263919 0.555121 0.5159893 0.5546575 0.630593 0.9762076 0.630593 0.9664849 0.6598086 0.966485 0.6598086 0.966485 0.660166 0.9762076 0.630593 0.9762076 0.4348183 0.3262887 0.4578042 0.3262887 0.4583108 0.4034336 0.4583108 0.4034336 0.4348183 0.4034336 0.4348183 0.3262887 0.4113258 0.4034336 0.4118323 0.3262887 0.4348183 0.3262887 0.4348183 0.3262887 0.4348183 0.4034336 0.4113258 0.4034336 0.3624338 0.9798289 0.4208645 0.9799036 0.4205074 0.9894036 0.4205074 0.9894036 0.3613619 0.9893289 0.3624338 0.9798289 0.9747602 0.6441355 0.9650222 0.6441356 0.9650222 0.6149199 0.9650222 0.6149199 0.9747601 0.6145625 0.9747602 0.6441355 0.4084587 0.4606814 0.4113258 0.4034336 0.4348183 0.4034336 0.4348183 0.4034336 0.4348183 0.4606814 0.4084587 0.4606814 0.2228335 0.964891 0.1946331 0.964891 0.1946331 0.9533985 0.1946331 0.9533985 0.2228335 0.9533985 0.2228335 0.964891 0.4022889 0.7607131 0.3448513 0.7582575 0.3434153 0.7273478 0.3434153 0.7273478 0.4006654 0.7314756 0.4022889 0.7607131 0.4348183 0.4034336 0.4583108 0.4034336 0.4611778 0.4606814 0.4611778 0.4606814 0.4348183 0.4606814 0.4348183 0.4034336 0.9229431 0.399183 0.9282577 0.3152541 0.9571669 0.3175225 0.9571669 0.3175225 0.9521802 0.4008112 0.9229431 0.399183 0.8107002 0.6229606 0.803332 0.6156026 0.8041355 0.538976 0.8041355 0.538976 0.8145364 0.5394789 0.8107002 0.6229606 0.9882761 0.1890438 0.9934108 0.1890447 0.9934108 0.2182589 0.9934108 0.2182589 0.9882761 0.218258 0.9882761 0.1890438 0.9348616 0.873663 0.9638596 0.8736629 0.9638596 0.963082 0.9638596 0.963082 0.9348616 0.9631344 0.9348616 0.873663 0.4261175 0.6139477 0.4261199 0.4774061 0.5044589 0.4774059 0.5044589 0.4774059 0.493152 0.6139475 0.4261175 0.6139477 0.9983338 0.914404 0.9933017 0.9143938 0.9933017 0.8851796 0.9933017 0.8851796 0.9983338 0.8851898 0.9983338 0.914404 0.4079183 0.8108682 0.4079207 0.9474098 0.3295818 0.9474096 0.3295818 0.9474096 0.3408837 0.810868 0.4079183 0.8108682 0.09058701 0.9710049 0.09058725 0.9805723 0.06137156 0.9805724 0.06137156 0.9805724 0.06101393 0.9710049 0.09058701 0.9710049 0.9939655 0.9728325 0.9889334 0.9728223 0.9933017 0.9143938 0.9933017 0.9143938 0.9983338 0.914404 0.9939655 0.9728325 0.9658913 0.731782 0.9650223 0.6733512 0.9747603 0.6737086 0.9747603 0.6737086 0.9756293 0.7328541 0.9658913 0.731782 0.5127354 0.3262711 0.5646876 0.3262326 0.5659217 0.4033769 0.5659217 0.4033769 0.5132431 0.4034159 0.5127354 0.3262711 0.1369411 0.1759331 0.1375985 0.1627833 0.163958 0.1627832 0.163958 0.1627832 0.163958 0.1759331 0.1369411 0.1759331 0.02592343 0.1628638 0.03285461 0.1055089 0.08553308 0.1054566 0.08553308 0.1054566 0.08266627 0.1628084 0.02592343 0.1628638 0.5429465 0.9671297 0.6013773 0.9664849 0.60102 0.9762075 0.60102 0.9762075 0.5418745 0.9768523 0.5429465 0.9671297 0.3398858 0.6314374 0.3295044 0.6322467 0.3284322 0.6191384 0.3284322 0.6191384 0.3388174 0.6183936 0.3398858 0.6314374 0.2387276 0.9982813 0.2387295 0.9931492 0.2679437 0.9931492 0.2679437 0.9931492 0.2679418 0.9982813 0.2387276 0.9982813 0.3429178 0.2595615 0.3480532 0.2595447 0.3480532 0.2692964 0.3480532 0.2692964 0.3429178 0.2693133 0.3429178 0.2595615 0.4629773 0.1528379 0.4629791 0.1579701 0.4334074 0.1579701 0.4334074 0.1579701 0.4334056 0.1528379 0.4629773 0.1528379 0.9189984 0.3151408 0.9189984 0.3248675 0.9138631 0.324849 0.9138631 0.324849 0.9138631 0.3151224 0.9189984 0.3151408 0.5777657 0.4619573 0.5892582 0.4619573 0.5892582 0.4901576 0.5892582 0.4901576 0.5777657 0.4901576 0.5777657 0.4619573 0.4348183 0.4606814 0.4611778 0.4606814 0.4618352 0.4738076 0.4618352 0.4738076 0.4348183 0.4738076 0.4348183 0.4606814 0.9803895 0.9749755 0.9847579 0.9158322 0.9897899 0.9158222 0.9897899 0.9158222 0.9854215 0.9749656 0.9803895 0.9749755 0.9444377 0.001670062 0.9608644 0.001670122 0.9584564 0.1091859 0.9584564 0.1091859 0.9468955 0.1091859 0.9444377 0.001670062 0.3302076 0.4774061 0.3229219 0.4848446 0.2407839 0.4848444 0.2407839 0.4848444 0.2407839 0.4774058 0.3302076 0.4774061 0.351814 0.001667439 0.375883 0.001667439 0.4335577 0.005720436 0.4884898 0.007566094 0.5155068 0.007566094 0.5155068 0.01725572 0.4884898 0.007566094 0.5155068 0.01725572 0.3632903 0.01204717 0.3632903 0.01204717 0.3632903 0.09038239 0.351814 0.09038239 0.3632903 0.01204717 0.351814 0.09038239 0.351814 0.001667439 0.3632903 0.01204717 0.351814 0.001667439 0.4335577 0.005720436 0.4335577 0.005720436 0.4884898 0.007566094 0.3632903 0.01204717 0.1586459 0.4848442 0.1578129 0.5619689 0.1474103 0.5615054 0.1474103 0.5615054 0.1513602 0.4774056 0.1586459 0.4848442 0.9466086 0.4818576 0.9630353 0.4818576 0.9606272 0.5893734 0.9606272 0.5893734 0.9490663 0.5893734 0.9466086 0.4818576 0.1946331 0.964891 0.08711743 0.9672859 0.08711743 0.9509564 0.08711743 0.9509564 0.1946331 0.9533985 0.1946331 0.964891 0.81923 0.4826444 0.8088446 0.4818971 0.8099243 0.4688096 0.8099243 0.4688096 0.8203062 0.4696129 0.81923 0.4826444 0.4208645 0.9799036 0.4500802 0.9799036 0.4500805 0.9894037 0.4500805 0.9894037 0.4205074 0.9894036 0.4208645 0.9799036 0.2679437 0.9931492 0.2971579 0.9931492 0.2971561 0.9982813 0.2971561 0.9982813 0.2679418 0.9982813 0.2679437 0.9931492 0.06101393 0.9710049 0.06137156 0.9805724 0.002939522 0.980498 0.002939522 0.980498 0.001867115 0.9709305 0.06101393 0.9710049 0.8524579 0.7085462 0.7950234 0.7085474 0.7950232 0.6255761 0.7950232 0.6255761 0.8524577 0.6208991 0.8524579 0.7085462 0.1941124 0.2817749 0.2490436 0.2817749 0.2490436 0.3601565 0.2490436 0.3601565 0.1941124 0.3584477 0.1941124 0.2817749 0.9847579 0.9158322 0.9847579 0.8862605 0.9897899 0.8862506 0.9897899 0.8862506 0.9897899 0.9158222 0.9847579 0.9158322 0.4925507 0.1579701 0.4629791 0.1579701 0.4629773 0.1528379 0.4629773 0.1528379 0.492549 0.1528379 0.4925507 0.1579701 0.9897899 0.856679 0.9847579 0.8566889 0.9803895 0.7975456 0.9803895 0.7975456 0.9854215 0.7975356 0.9897899 0.856679 0.9747601 0.6145625 0.9650222 0.6149199 0.9658908 0.5564879 0.9658908 0.5564879 0.9756289 0.5554157 0.9747601 0.6145625 0.9933017 0.8559654 0.9889334 0.7975369 0.9939655 0.7975472 0.9939655 0.7975472 0.9983338 0.8559756 0.9933017 0.8559654 0.1782337 0.9804975 0.1198029 0.9805722 0.12016 0.9710048 0.12016 0.9710048 0.1793055 0.9709301 0.1782337 0.9804975 0.5167673 0.4737887 0.4618352 0.4738076 0.4611778 0.4606814 0.4611778 0.4606814 0.51611 0.4606626 0.5167673 0.4737887 0.2407839 0.4848444 0.1586459 0.4848442 0.1513602 0.4774056 0.1513602 0.4774056 0.2407839 0.4774058 0.2407839 0.4848444 0.9259642 0.4696561 0.9254007 0.4565113 0.9563102 0.4579514 0.9563102 0.4579514 0.9572572 0.4710531 0.9259642 0.4696561 0.4500805 0.9894037 0.4500802 0.9799036 0.4792959 0.9799038 0.4792959 0.9799038 0.4796535 0.9894037 0.4500805 0.9894037 0.9897899 0.8862506 0.9847579 0.8862605 0.9847579 0.8566889 0.9847579 0.8566889 0.9897899 0.856679 0.9897899 0.8862506 0.7950236 0.7915186 0.7950234 0.7085474 0.8524579 0.7085462 0.8524579 0.7085462 0.8524581 0.7961932 0.7950236 0.7915186 0.5777657 0.4901576 0.5892582 0.4901576 0.5916523 0.5976734 0.5916523 0.5976734 0.5753229 0.5976734 0.5777657 0.4901576 0.8036249 0.9503591 0.7744092 0.9503591 0.7744091 0.9406234 0.7744091 0.9406234 0.8039821 0.9406234 0.8036249 0.9503591 0.4796535 0.9894037 0.4792959 0.9799038 0.5377279 0.9798294 0.5377279 0.9798294 0.5388003 0.9893293 0.4796535 0.9894037 0.1941124 0.3584477 0.1711264 0.3584477 0.1711264 0.2817749 0.1711264 0.2817749 0.1941124 0.2817749 0.1941124 0.3584477 0.3009958 0.3639088 0.2490436 0.3601565 0.2490436 0.2817749 0.2490436 0.2817749 0.3009958 0.2817749 0.3009958 0.3639088 0.5132431 0.4034159 0.4583108 0.4034336 0.4578042 0.3262887 0.4578042 0.3262887 0.5127354 0.3262711 0.5132431 0.4034159 0.3094641 0.3040322 0.3094641 0.3137587 0.3043287 0.3137403 0.3043287 0.3137403 0.3043287 0.3040136 0.3094641 0.3040322 0.1198029 0.9805722 0.09058725 0.9805723 0.09058701 0.9710049 0.09058701 0.9710049 0.12016 0.9710048 0.1198029 0.9805722 0.6012942 0.9798244 0.601295 0.9849589 0.5421439 0.9892541 0.5421439 0.9892541 0.5421431 0.9841195 0.6012942 0.9798244 0.9468955 0.1091859 0.9584564 0.1091859 0.9584564 0.1373862 0.9584564 0.1373862 0.9468955 0.1373862 0.9468955 0.1091859 0.6562362 0.4901566 0.6587024 0.5976724 0.6422764 0.5976724 0.6422764 0.5976724 0.6446757 0.4901566 0.6562362 0.4901566 0.2490436 0.2817749 0.2490436 0.2033933 0.3009958 0.199641 0.3009958 0.199641 0.3009958 0.2817749 0.2490436 0.2817749 0.9968057 0.5404253 0.9803805 0.5404253 0.9803804 0.5240949 0.9803804 0.5240949 0.9968057 0.5240949 0.9968057 0.5404253 0.6632961 0.4608964 0.6632425 0.30868 0.8002081 0.325983 0.8002081 0.325983 0.8002539 0.4608964 0.6632961 0.4608964 0.1375985 0.1627833 0.1369411 0.1759331 0.08200895 0.1759586 0.08200895 0.1759586 0.08266627 0.1628084 0.1375985 0.1627833 0.9606272 0.6175737 0.9606272 0.645774 0.9490664 0.645774 0.9490664 0.645774 0.9490663 0.6175737 0.9606272 0.6175737 0.4078013 0.4738076 0.4084587 0.4606814 0.4348183 0.4606814 0.4348183 0.4606814 0.4348183 0.4738076 0.4078013 0.4738076 0.9638596 0.7842437 0.9638596 0.8736629 0.9348616 0.873663 0.9348616 0.873663 0.9348616 0.7841916 0.9638596 0.7842437 0.153138 0.619138 0.1520661 0.6322462 0.1416848 0.6314368 0.1416848 0.6314368 0.1427527 0.6183931 0.153138 0.619138 0.6056122 0.4619573 0.6056122 0.4901576 0.5940517 0.4901576 0.5940517 0.4901576 0.5940517 0.4619573 0.6056122 0.4619573 0.660166 0.9762076 0.6598086 0.966485 0.7182407 0.9671301 0.7182407 0.9671301 0.7193129 0.9768527 0.660166 0.9762076 0.9933017 0.8851796 0.9933017 0.8559654 0.9983338 0.8559756 0.9983338 0.8559756 0.9983338 0.8851898 0.9933017 0.8851796 0.1578129 0.5619689 0.153138 0.619138 0.1427527 0.6183931 0.1427527 0.6183931 0.1474103 0.5615054 0.1578129 0.5619689 0.9757643 0.2767426 0.9642717 0.2767426 0.9642717 0.2485423 0.9642717 0.2485423 0.9757643 0.2485423 0.9757643 0.2767426 0.6604384 0.9849589 0.6308667 0.9849589 0.6308658 0.9798244 0.6308658 0.9798244 0.6604374 0.9798244 0.6604384 0.9849589 0.8145364 0.5394789 0.8041355 0.538976 0.8088446 0.4818971 0.8088446 0.4818971 0.81923 0.4826444 0.8145364 0.5394789 0.1404655 0.1054327 0.1409721 0.02827233 0.163958 0.02827233 0.163958 0.02827233 0.163958 0.1054327 0.1404655 0.1054327 0.5132431 0.4034159 0.5659217 0.4033769 0.5728528 0.4606215 0.5728528 0.4606215 0.51611 0.4606626 0.5132431 0.4034159 0.9650223 0.6733512 0.9650222 0.6441356 0.9747602 0.6441355 0.9747602 0.6441355 0.9747603 0.6737086 0.9650223 0.6733512 0.5516872 0.1622789 0.4925507 0.1579701 0.492549 0.1528379 0.492549 0.1528379 0.5516854 0.1571468 0.5516872 0.1622789 0.7448361 0.9406235 0.7451936 0.9503592 0.6867615 0.9495674 0.6867615 0.9495674 0.6856893 0.9398317 0.7448361 0.9406235 0.1409721 0.02827233 0.1404655 0.1054327 0.08553308 0.1054566 0.08553308 0.1054566 0.08604091 0.02829599 0.1409721 0.02827233 0.6526318 0.1595084 0.6526498 0.1646437 0.6428978 0.1646437 0.6428978 0.1646437 0.6428798 0.1595084 0.6526318 0.1595084 0.3388174 0.6183936 0.3284322 0.6191384 0.3237553 0.5619693 0.3237553 0.5619693 0.3341579 0.5615059 0.3388174 0.6183936 0.51611 0.4606626 0.4611778 0.4606814 0.4583108 0.4034336 0.4583108 0.4034336 0.5132431 0.4034159 0.51611 0.4606626 0.6446757 0.433756 0.6562362 0.433756 0.6562362 0.4619563 0.6562362 0.4619563 0.6446757 0.4619563 0.6446757 0.433756 0.001670718 0.9895288 0.00166887 0.9843967 0.06009012 0.9887054 0.06009012 0.9887054 0.06009197 0.9938376 0.001670718 0.9895288 0.08930438 0.9887054 0.1185186 0.9887054 0.1185204 0.9938376 0.1185204 0.9938376 0.08930617 0.9938376 0.08930438 0.9887054 0.6729762 0.2973422 0.6729947 0.3024775 0.663268 0.3024775 0.663268 0.3024775 0.6632496 0.2973422 0.6729762 0.2973422 0.770451 0.967135 0.828883 0.9664899 0.8285256 0.9762126 0.8285256 0.9762126 0.7693789 0.9768576 0.770451 0.967135 0.8116296 0.9893772 0.8116305 0.9842426 0.8412021 0.9842426 0.8412021 0.9842426 0.8412012 0.9893772 0.8116296 0.9893772 0.6248017 0.9938512 0.5955875 0.9938512 0.5955865 0.9887166 0.5955865 0.9887166 0.6248008 0.9887166 0.6248017 0.9938512 0.9900447 0.4009591 0.9850127 0.4009492 0.9806444 0.3418059 0.9806444 0.3418059 0.9856764 0.3418158 0.9900447 0.4009591 0.9769291 0.8242027 0.9671911 0.8242026 0.9671912 0.7949869 0.9671912 0.7949869 0.9769292 0.7946296 0.9769291 0.8242027 0.9790294 0.6733502 0.9790294 0.6441345 0.9885293 0.6441348 0.9885293 0.6441348 0.9885294 0.6737079 0.9790294 0.6733502 0.8105638 0.9932163 0.839778 0.9932163 0.8397883 0.9982484 0.8397883 0.9982484 0.8105741 0.9982484 0.8105638 0.9932163 0.4084587 0.4606814 0.4078013 0.4738076 0.3528692 0.4737886 0.3528692 0.4737886 0.3535265 0.4606626 0.4084587 0.4606814 0.2993828 0.9848712 0.2990257 0.9753038 0.3574565 0.9753785 0.3574565 0.9753785 0.3585283 0.9849459 0.2993828 0.9848712 0.7212243 0.6229609 0.7212243 0.6156028 0.803332 0.6156026 0.803332 0.6156026 0.8107002 0.6229606 0.7212243 0.6229609 0.3341579 0.5615059 0.3237553 0.5619693 0.3229219 0.4848446 0.3229219 0.4848446 0.3302076 0.4774061 0.3341579 0.5615059 0.4205536 0.9642583 0.4497693 0.9642584 0.4497693 0.9739893 0.4497693 0.9739893 0.4201962 0.9739893 0.4205536 0.9642583 0.6383128 0.5389764 0.6391166 0.615603 0.6317485 0.6229611 0.6317485 0.6229611 0.6279119 0.5394794 0.6383128 0.5389764 0.09320932 0.3601565 0.09320932 0.2817749 0.1481405 0.2817749 0.1481405 0.2817749 0.1481405 0.3584477 0.09320932 0.3601565 0.3435943 0.6392212 0.3508799 0.6317826 0.4330179 0.6317824 0.4330179 0.6317824 0.4330179 0.639221 0.3435943 0.6392212 0.1481405 0.2051021 0.1711264 0.2051021 0.1711264 0.2817749 0.1711264 0.2817749 0.1481405 0.2817749 0.1481405 0.2051021 0.20551 0.008980572 0.1233759 0.008980572 0.1233752 0.001663386 0.1233752 0.001663386 0.205479 0.001663386 0.20551 0.008980572 0.04125714 0.199641 0.09320932 0.2033933 0.09320932 0.2817749 0.09320932 0.2817749 0.04125714 0.2817749 0.04125714 0.199641 0.2971579 0.9931492 0.3555791 0.9888404 0.3555774 0.9939724 0.3555774 0.9939724 0.2971561 0.9982813 0.2971579 0.9931492 0.5122102 0.5748726 0.5122302 0.5821145 0.5018567 0.5820763 0.5122102 0.5748726 0.5018567 0.5820763 0.501863 0.5507696 0.5122102 0.5748726 0.501863 0.5507696 0.5122359 0.5508037 0.5973785 0.708546 0.6745505 0.7085463 0.6745502 0.7906843 0.6745502 0.7906843 0.5973783 0.7915173 0.5973785 0.708546 0.9934108 0.2474731 0.9977059 0.3058936 0.9925715 0.3058928 0.9925715 0.3058928 0.9882761 0.2474722 0.9934108 0.2474731 0.2481315 0.6353057 0.17097 0.6368429 0.170901 0.6295257 0.170901 0.6295257 0.2475172 0.6280142 0.2481315 0.6353057 0.1786149 0.02316629 0.1545459 0.02316629 0.1545229 0.01277762 0.1786149 0.02316629 0.1545229 0.01277762 0.1858296 0.01278448 0.1858296 0.01278448 0.1858567 0.02317368 0.1786149 0.02316629 0.167565 0.5810848 0.1675648 0.6631925 0.1602067 0.6631925 0.1602067 0.6631925 0.160207 0.5737166 0.167565 0.5810848 0.3068916 0.1780645 0.3068916 0.1617342 0.3233169 0.1617342 0.3233169 0.1617342 0.3233168 0.1780645 0.3068916 0.1780645 0.5015351 0.02173978 0.501535 0.08431416 0.3666216 0.08431422 0.3666216 0.08431422 0.3666216 0.01728278 0.5015351 0.02173978 0.2951945 0.473747 0.2967837 0.4606214 0.3535265 0.4606626 0.3535265 0.4606626 0.3528692 0.4737886 0.2951945 0.473747 0.9925715 0.1306074 0.9977059 0.1306082 0.9934108 0.1890447 0.9934108 0.1890447 0.9882761 0.1890438 0.9925715 0.1306074 0.1560533 0.694003 0.1559851 0.7013202 0.07884699 0.6997831 0.07884699 0.6997831 0.07945978 0.6924914 0.1560533 0.694003 0.1383535 0.6491657 0.001666247 0.6664687 0.001594245 0.5142523 0.001594245 0.5142523 0.1382918 0.5142523 0.1383535 0.6491657 0.6056122 0.4901576 0.6080784 0.5976734 0.5916524 0.5976734 0.5916524 0.5976734 0.5940517 0.4901576 0.6056122 0.4901576 0.1711264 0.2817749 0.1711264 0.2051021 0.1941124 0.2051021 0.1941124 0.2051021 0.1941124 0.2817749 0.1711264 0.2817749 0.6013773 0.9664849 0.630593 0.9664849 0.630593 0.9762076 0.630593 0.9762076 0.60102 0.9762075 0.6013773 0.9664849 0.06009197 0.9938376 0.06009012 0.9887054 0.08930438 0.9887054 0.08930438 0.9887054 0.08930617 0.9938376 0.06009197 0.9938376 0.654015 0.9887166 0.6540159 0.9938512 0.6248017 0.9938512 0.6248017 0.9938512 0.6248008 0.9887166 0.654015 0.9887166 0.7813599 0.9982484 0.7813496 0.9932163 0.8105638 0.9932163 0.8105638 0.9932163 0.8105741 0.9982484 0.7813599 0.9982484 0.180292 0.9939724 0.1802938 0.9888404 0.2387295 0.9931492 0.2387295 0.9931492 0.2387276 0.9982813 0.180292 0.9939724 0.7178516 0.7906857 0.7178515 0.7085476 0.7950234 0.7085474 0.7950234 0.7085474 0.7950236 0.7915186 0.7178516 0.7906857 0.4330179 0.6317824 0.515156 0.6317822 0.5224416 0.6392208 0.5224416 0.6392208 0.4330179 0.639221 0.4330179 0.6317824 0.1711264 0.2817749 0.1711264 0.3584477 0.1481405 0.3584477 0.1481405 0.3584477 0.1481405 0.2817749 0.1711264 0.2817749 0.09320932 0.2817749 0.09320932 0.3601565 0.04125714 0.3639088 0.04125714 0.3639088 0.04125714 0.2817749 0.09320932 0.2817749 0.9934108 0.2182589 0.9934108 0.2474731 0.9882761 0.2474722 0.9882761 0.2474722 0.9882761 0.218258 0.9934108 0.2182589 0.3469077 0.2862473 0.3469077 0.2959741 0.3417724 0.2959545 0.3417724 0.2959545 0.3417724 0.2862277 0.3469077 0.2862473 0.6791995 0.1790974 0.6551305 0.1790974 0.5974558 0.1750444 0.5425236 0.1731987 0.5155068 0.1731987 0.5155068 0.1635091 0.5425236 0.1731987 0.5155068 0.1635091 0.6677232 0.1687176 0.6677232 0.1687176 0.6677232 0.09038239 0.6791995 0.09038239 0.6677232 0.1687176 0.6791995 0.09038239 0.6791995 0.1790974 0.6677232 0.1687176 0.6791995 0.1790974 0.5974558 0.1750444 0.5974558 0.1750444 0.5425236 0.1731987 0.6677232 0.1687176 0.9259642 0.4696561 0.9572572 0.4710531 0.9567252 0.4778656 0.9567252 0.4778656 0.9254324 0.4764687 0.9259642 0.4696561 0.7195739 0.9892542 0.6604384 0.9849589 0.6604374 0.9798244 0.6604374 0.9798244 0.719573 0.9841196 0.7195739 0.9892542 0.5974558 0.005720436 0.6551305 0.00166738 0.6791995 0.001667439 0.6791995 0.001667439 0.6791995 0.09038239 0.6677232 0.09038239 0.6791995 0.001667439 0.6677232 0.09038239 0.6677232 0.01204717 0.6791995 0.001667439 0.6677232 0.01204717 0.5155068 0.01725572 0.5155068 0.01725572 0.5155068 0.007566094 0.5425236 0.007566094 0.5155068 0.01725572 0.5425236 0.007566094 0.5974558 0.005720436 0.6791995 0.001667439 0.5155068 0.01725572 0.5974558 0.005720436 0.156072 0.6647221 0.149239 0.6647221 0.1481893 0.6574802 0.1481893 0.6574802 0.1550223 0.6574802 0.156072 0.6647221 0.3211908 0.5744926 0.3143582 0.5744926 0.3135548 0.5641106 0.3135548 0.5641106 0.3203875 0.5641106 0.3211908 0.5744926 0.9054878 0.5335673 0.9055049 0.5576363 0.895132 0.5576667 0.9054878 0.5335673 0.895132 0.5576667 0.8951368 0.5263599 0.9054878 0.5335673 0.8951368 0.5263599 0.9055104 0.5263254 0.9444019 0.2773398 0.9547906 0.2773628 0.9547906 0.3014318 0.9444019 0.2773398 0.9547906 0.3014318 0.954798 0.3086736 0.954798 0.3086736 0.9444087 0.3086465 0.9444019 0.2773398 0.8203062 0.4696129 0.8099243 0.4688096 0.8099243 0.4619768 0.8099243 0.4619768 0.8203062 0.4627802 0.8203062 0.4696129 0.5321199 0.4783568 0.5321199 0.4851895 0.5217385 0.4843802 0.5217385 0.4843802 0.5217385 0.4775476 0.5321199 0.4783568 0.632521 0.46881 0.6221391 0.4696134 0.6221391 0.4627807 0.6221391 0.4627807 0.632521 0.4619773 0.632521 0.46881 0.1416848 0.6314368 0.1520661 0.6322462 0.1520661 0.6390789 0.1520661 0.6390789 0.1416848 0.6382694 0.1416848 0.6314368 0.3443002 0.477548 0.3443002 0.4843806 0.3339188 0.48519 0.3339188 0.48519 0.3339188 0.4783574 0.3443002 0.477548 0.8732279 0.8313148 0.8664154 0.8318466 0.8650184 0.8005537 0.8650184 0.8005537 0.8718311 0.8000218 0.8732279 0.8313148 0.3186197 0.6487693 0.3186197 0.6247004 0.3254531 0.6247004 0.3254531 0.6247004 0.3254531 0.6487694 0.3186197 0.6487693 0.009550034 0.6819358 0.008500337 0.6891776 0.00166732 0.6891776 0.00166732 0.6891776 0.002717018 0.6819358 0.009550034 0.6819358 0.9290499 0.7834294 0.9285188 0.7902417 0.8972258 0.7888486 0.8972258 0.7888486 0.8977569 0.7820363 0.9290499 0.7834294 0.3302885 0.7264013 0.3316816 0.7576944 0.3248692 0.7582255 0.3248692 0.7582255 0.3234761 0.7269324 0.3302885 0.7264013 0.8727769 0.7687616 0.8727769 0.7619283 0.8800188 0.7629785 0.8800188 0.7629785 0.8800188 0.7698118 0.8727769 0.7687616 0.3186197 0.6247004 0.3175696 0.6174585 0.3244029 0.6174585 0.3244029 0.6174585 0.3254531 0.6247004 0.3186197 0.6247004 0.3295044 0.6322467 0.3398858 0.6314374 0.3398858 0.63827 0.3398858 0.63827 0.3295044 0.6390793 0.3295044 0.6322467 0.008500337 0.6891776 0.008500337 0.7132466 0.00166732 0.7132466 0.00166732 0.7132466 0.00166732 0.6891776 0.008500337 0.6891776 0.320387 0.7622778 0.3135544 0.7622778 0.3143577 0.7518959 0.3143577 0.7518959 0.3211904 0.7518959 0.320387 0.7622778 0.8800188 0.7698118 0.8800188 0.7629785 0.9040879 0.7629785 0.9040879 0.7629785 0.9040879 0.7698118 0.8800188 0.7698118 0.156072 0.688791 0.149239 0.688791 0.149239 0.6647221 0.149239 0.6647221 0.156072 0.6647221 0.156072 0.688791 0.9927319 0.03088182 0.9926626 0.02834135 0.9965941 0.02834135 0.9965941 0.02834135 0.9966634 0.03088182 0.9927319 0.03088182 0.16471 0.5502714 0.1618309 0.546889 0.1714617 0.5405803 0.1714617 0.5405803 0.1736685 0.543173 0.16471 0.5502714 0.639918 0.03133314 0.6635707 0.03133314 0.6635706 0.06532353 0.6635706 0.06532353 0.639918 0.06532353 0.639918 0.03133314 0.2180448 0.5473333 0.1880401 0.5471087 0.1915506 0.5407487 0.1915506 0.5407487 0.2145488 0.5409209 0.2180448 0.5473333 0.1732705 0.5071634 0.1641908 0.5032914 0.1623598 0.4983592 0.1623598 0.4983592 0.1718671 0.503383 0.1732705 0.5071634 0.8660535 0.323581 0.8621659 0.3414437 0.8484358 0.3435176 0.8660535 0.323581 0.8484358 0.3435176 0.8517009 0.3175949 0.8660535 0.323581 0.8517009 0.3175949 0.8570125 0.315671 0.8660535 0.323581 0.8570125 0.315671 0.8625003 0.3151818 0.8625003 0.3151818 0.8658095 0.3180771 0.8660535 0.323581 0.1714617 0.4991657 0.1618309 0.4928571 0.16471 0.4894746 0.16471 0.4894746 0.1736685 0.4965731 0.1714617 0.4991657 0.179781 0.5864869 0.1847133 0.5864685 0.1847133 0.6169565 0.1847133 0.6169565 0.179796 0.6169747 0.179781 0.5864869 0.5621659 0.50099 0.5621766 0.5309942 0.5316792 0.5309472 0.5316792 0.5309472 0.5385035 0.500845 0.5621659 0.50099 0.1623598 0.541387 0.1641908 0.5364547 0.1732705 0.5325826 0.1732705 0.5325826 0.1718671 0.5363631 0.1623598 0.541387 0.8209756 0.3435176 0.8072454 0.3414437 0.8033578 0.323581 0.8209756 0.3435176 0.8033578 0.323581 0.8036019 0.3180771 0.8209756 0.3435176 0.8036019 0.3180771 0.8069111 0.3151818 0.8209756 0.3435176 0.8069111 0.3151818 0.8123988 0.315671 0.8123988 0.315671 0.8177105 0.3175949 0.8209756 0.3435176 0.2283033 0.6169569 0.2283108 0.5864694 0.2316933 0.5863782 0.2316933 0.5863782 0.2316913 0.6168655 0.2283033 0.6169569 0.9927458 0.0350936 0.9927319 0.03088182 0.9966634 0.03088182 0.9966634 0.03088182 0.9966773 0.0350936 0.9927458 0.0350936 0.6341436 0.3896908 0.6104812 0.3898359 0.610488 0.3719094 0.610488 0.3719094 0.6341503 0.3717643 0.6341436 0.3896908 0.02436977 0.08715254 0.02436417 0.08293348 0.02829694 0.08292663 0.02829694 0.08292663 0.02830255 0.08714568 0.02436977 0.08715254 0.2324632 0.4960339 0.241417 0.4887712 0.244327 0.4920856 0.244327 0.4920856 0.2346937 0.4985744 0.2324632 0.4960339 0.2145488 0.4988252 0.2180448 0.4924128 0.2359076 0.4885252 0.2359076 0.4885252 0.2282403 0.4958454 0.2145488 0.4988252 0.5621766 0.5309942 0.5621827 0.5487458 0.5316851 0.5486987 0.5316851 0.5486987 0.5316792 0.5309472 0.5621766 0.5309942 0.8621659 0.3414437 0.8619413 0.3715184 0.8483236 0.3695105 0.8483236 0.3695105 0.8484358 0.3435176 0.8621659 0.3414437 0.640962 0.4375446 0.6104645 0.4375916 0.6104705 0.4198401 0.6104705 0.4198401 0.640968 0.4197931 0.640962 0.4375446 0.1847133 0.5864685 0.2178765 0.5864685 0.2178765 0.6169565 0.2178765 0.6169565 0.1847133 0.6169565 0.1847133 0.5864685 0.5621591 0.4830636 0.5621659 0.50099 0.5385035 0.500845 0.5385035 0.500845 0.5384967 0.4829185 0.5621591 0.4830636 0.8619413 0.3715184 0.8654606 0.3893325 0.8651021 0.3948538 0.8619413 0.3715184 0.8651021 0.3948538 0.8617141 0.3977478 0.8619413 0.3715184 0.8617141 0.3977478 0.8562045 0.3972391 0.8619413 0.3715184 0.8562045 0.3972391 0.8512874 0.3954332 0.8512874 0.3954332 0.8483236 0.3695105 0.8619413 0.3715184 0.1915506 0.4989973 0.1880401 0.4926373 0.2180448 0.4924128 0.2180448 0.4924128 0.2145488 0.4988252 0.1915506 0.4989973 0.9927318 0.065207 0.9927318 0.03915393 0.9966632 0.03915393 0.9966632 0.03915393 0.9966632 0.065207 0.9927318 0.065207 0.244327 0.5476605 0.241417 0.550975 0.2324632 0.5437121 0.2324632 0.5437121 0.2346937 0.5411717 0.244327 0.5476605 0.2359076 0.5512209 0.2180448 0.5473333 0.2145488 0.5409209 0.2145488 0.5409209 0.2282403 0.5439007 0.2359076 0.5512209 0.6104821 0.366405 0.6341444 0.3662652 0.6341503 0.3717643 0.6341503 0.3717643 0.610488 0.3719094 0.6104821 0.366405 0.243858 0.5421656 0.244327 0.5476605 0.2346937 0.5411717 0.2346937 0.5411717 0.2343342 0.5369599 0.243858 0.5421656 0.6399187 0.07612293 0.6399367 0.07063519 0.6635891 0.07062077 0.6635891 0.07062077 0.6635709 0.07611566 0.6399187 0.07612293 0.6398284 0.07943212 0.6399187 0.07612293 0.6635709 0.07611566 0.6635709 0.07611566 0.6634804 0.07943016 0.6398284 0.07943212 0.5384967 0.4829185 0.5385027 0.4774193 0.562165 0.4775592 0.562165 0.4775592 0.5621591 0.4830636 0.5384967 0.4829185 0.1742789 0.5864694 0.179781 0.5864869 0.179796 0.6169747 0.179796 0.6169747 0.1742864 0.6169569 0.1742789 0.5864694 0.1708965 0.5863782 0.1742789 0.5864694 0.1742864 0.6169569 0.1742864 0.6169569 0.1708984 0.6168655 0.1708965 0.5863782 0.5621827 0.5487458 0.5621766 0.5542669 0.5316792 0.5542255 0.5316792 0.5542255 0.5316851 0.5486987 0.5621827 0.5487458 0.8210878 0.3695105 0.80747 0.3715184 0.8072454 0.3414437 0.8072454 0.3414437 0.8209756 0.3435176 0.8210878 0.3695105 0.8043093 0.3948538 0.8039507 0.3893325 0.80747 0.3715184 0.8043093 0.3948538 0.80747 0.3715184 0.8210878 0.3695105 0.8043093 0.3948538 0.8210878 0.3695105 0.8181241 0.3954332 0.8043093 0.3948538 0.8181241 0.3954332 0.8132068 0.3972391 0.8132068 0.3972391 0.8076973 0.3977478 0.8043093 0.3948538 0.2227937 0.6169747 0.2228088 0.5864869 0.2283108 0.5864694 0.2283108 0.5864694 0.2283033 0.6169569 0.2227937 0.6169747 0.6635709 0.02054101 0.6399187 0.02053374 0.6398284 0.01722449 0.6398284 0.01722449 0.6634805 0.01722651 0.6635709 0.02054101 0.6635891 0.02603584 0.6399367 0.02602142 0.6399187 0.02053374 0.6399187 0.02053374 0.6635709 0.02054101 0.6635891 0.02603584 0.6635706 0.06532353 0.6635891 0.07062077 0.6399367 0.07063519 0.6399367 0.07063519 0.639918 0.06532353 0.6635706 0.06532353 0.342984 0.2550118 0.3429141 0.2524192 0.3468455 0.2524192 0.3468455 0.2524192 0.3469155 0.2550118 0.342984 0.2550118 0.2634072 0.005599498 0.263414 0.001666724 0.267633 0.001672267 0.267633 0.001672267 0.2676262 0.005605101 0.2634072 0.005599498 0.265078 0.5067724 0.2627225 0.5108214 0.2504655 0.5087165 0.265078 0.5067724 0.2504655 0.5087165 0.2474856 0.4950249 0.265078 0.5067724 0.2474856 0.4950249 0.2476741 0.4908021 0.265078 0.5067724 0.2476741 0.4908021 0.2502147 0.4885715 0.265078 0.5067724 0.2502147 0.4885715 0.2544264 0.488931 0.265078 0.5067724 0.2544264 0.488931 0.2584868 0.4903859 0.265078 0.5067724 0.2584868 0.4903859 0.2845398 0.4903859 0.265078 0.5067724 0.2845398 0.4903859 0.2886001 0.488931 0.265078 0.5067724 0.2886001 0.488931 0.2928119 0.4885715 0.2928119 0.4885715 0.2953524 0.4908021 0.2955409 0.4950249 0.2928119 0.4885715 0.2955409 0.4950249 0.2925611 0.5087165 0.2928119 0.4885715 0.2925611 0.5087165 0.2803041 0.5108214 0.2928119 0.4885715 0.2803041 0.5108214 0.2779486 0.5067724 0.2928119 0.4885715 0.2779486 0.5067724 0.2738687 0.5044347 0.2928119 0.4885715 0.2738687 0.5044347 0.2691578 0.5044347 0.2691578 0.5044347 0.265078 0.5067724 0.2928119 0.4885715 0.02436417 0.08293348 0.02436602 0.06919306 0.02829879 0.06918621 0.02829879 0.06918621 0.02829694 0.08292663 0.02436417 0.08293348 0.9965941 0.07601952 0.9926626 0.07601952 0.9927319 0.07347905 0.9927319 0.07347905 0.9966634 0.07347905 0.9965941 0.07601952 0.1937822 0.02063417 0.1892067 0.02066743 0.1892148 0.01599252 0.1892148 0.01599252 0.1937821 0.01595938 0.1937822 0.02063417 0.3429141 0.2524192 0.3429006 0.248202 0.346832 0.248202 0.346832 0.248202 0.3468455 0.2524192 0.3429141 0.2524192 0.2130627 0.00560522 0.2130696 0.001672446 0.2266759 0.001671135 0.2266759 0.001671135 0.226669 0.005603909 0.2130627 0.00560522 0.9966634 0.07347905 0.9927319 0.07347905 0.9927458 0.06926721 0.9927458 0.06926721 0.9966773 0.06926721 0.9966634 0.07347905 0.02436989 0.03258901 0.02436417 0.02835714 0.02829694 0.02835029 0.02829694 0.02835029 0.02830266 0.03258216 0.02436989 0.03258901 0.6399367 0.02602142 0.6635891 0.02603584 0.6635707 0.03133314 0.6635707 0.03133314 0.639918 0.03133314 0.6399367 0.02602142 0.3468461 0.2190023 0.3429147 0.2190023 0.3429006 0.2152218 0.3429006 0.2152218 0.346832 0.2152218 0.3468461 0.2190023 0.1618309 0.546889 0.1623598 0.541387 0.1718671 0.5363631 0.1718671 0.5363631 0.1714617 0.5405803 0.1618309 0.546889 0.1880401 0.5471087 0.1702259 0.550628 0.1778963 0.5434463 0.1778963 0.5434463 0.1915506 0.5407487 0.1880401 0.5471087 0.241417 0.550975 0.2359076 0.5512209 0.2282403 0.5439007 0.2282403 0.5439007 0.2324632 0.5437121 0.241417 0.550975 0.1778963 0.4962998 0.1702259 0.489118 0.1880401 0.4926373 0.1880401 0.4926373 0.1915506 0.4989973 0.1778963 0.4962998 0.2282403 0.4958454 0.2359076 0.4885252 0.241417 0.4887712 0.241417 0.4887712 0.2324632 0.4960339 0.2282403 0.4958454 0.1702259 0.550628 0.16471 0.5502714 0.1736685 0.543173 0.1736685 0.543173 0.1778963 0.5434463 0.1702259 0.550628 0.2346937 0.4985744 0.244327 0.4920856 0.243858 0.4975806 0.243858 0.4975806 0.2343342 0.5027863 0.2346937 0.4985744 0.1736685 0.4965731 0.16471 0.4894746 0.1702259 0.489118 0.1702259 0.489118 0.1778963 0.4962998 0.1736685 0.4965731 0.1718671 0.503383 0.1623598 0.4983592 0.1618309 0.4928571 0.1618309 0.4928571 0.1714617 0.4991657 0.1718671 0.503383 0.02436864 0.04619532 0.02436989 0.03258901 0.02830266 0.03258216 0.02830266 0.03258216 0.02830141 0.04618841 0.02436864 0.04619532 0.2343342 0.5027863 0.243858 0.4975806 0.24196 0.5028779 0.24196 0.5028779 0.2328794 0.5068466 0.2343342 0.5027863 0.3429006 0.248202 0.3429147 0.2444215 0.3468461 0.2444215 0.3468461 0.2444215 0.346832 0.248202 0.3429006 0.248202 0.226669 0.005603909 0.2266759 0.001671135 0.2496737 0.001668572 0.2496737 0.001668572 0.2496668 0.005601346 0.226669 0.005603909 0.1937821 0.01595938 0.1892148 0.01599252 0.189215 0.0128231 0.189215 0.0128231 0.1937827 0.0127899 0.1937821 0.01595938 0.346832 0.2152218 0.3429006 0.2152218 0.3429141 0.2110046 0.3429141 0.2110046 0.3468455 0.2110046 0.346832 0.2152218 0.3052604 0.001668632 0.3052162 0.006236255 0.289798 0.006236255 0.289798 0.006236255 0.2898423 0.001669883 0.3052604 0.001668632 0.3429147 0.2190023 0.3468461 0.2190023 0.3468461 0.2444215 0.3468461 0.2444215 0.3429147 0.2444215 0.3429147 0.2190023 0.3468455 0.2110046 0.3429141 0.2110046 0.342984 0.2084119 0.342984 0.2084119 0.3469155 0.2084119 0.3468455 0.2110046 0.9927131 0.08827137 0.9972941 0.08827137 0.9972252 0.09235113 0.9972252 0.09235113 0.9926432 0.09235113 0.9927131 0.08827137 0.9966773 0.06926721 0.9927458 0.06926721 0.9927318 0.065207 0.9927318 0.065207 0.9966632 0.065207 0.9966773 0.06926721 0.24196 0.5368683 0.243858 0.5421656 0.2343342 0.5369599 0.2343342 0.5369599 0.2328794 0.5328996 0.24196 0.5368683 0.2088308 0.005599498 0.2088377 0.001666724 0.2130696 0.001672446 0.2130696 0.001672446 0.2130627 0.00560522 0.2088308 0.005599498 0.2496668 0.005601346 0.2496737 0.001668572 0.263414 0.001666724 0.263414 0.001666724 0.2634072 0.005599498 0.2496668 0.005601346 0.9927318 0.03915393 0.9927458 0.0350936 0.9966773 0.0350936 0.9966773 0.0350936 0.9966632 0.03915393 0.9927318 0.03915393 0.2178765 0.6169565 0.2178765 0.5864685 0.2228088 0.5864869 0.2228088 0.5864869 0.2227937 0.6169747 0.2178765 0.6169565 0.02258896 0.3581854 0.00166893 0.3581853 0.003972053 0.356295 0.003972053 0.356295 0.02176356 0.356295 0.02258896 0.3581854 0.2588037 0.5499948 0.2550232 0.5513982 0.250806 0.5518037 0.2588037 0.5499948 0.250806 0.5518037 0.2482133 0.5495968 0.2588037 0.5499948 0.2482133 0.5495968 0.24794 0.545369 0.2588037 0.5499948 0.24794 0.545369 0.2506376 0.5317147 0.2588037 0.5499948 0.2506376 0.5317147 0.2504655 0.5087165 0.2588037 0.5499948 0.2504655 0.5087165 0.2627225 0.5108214 0.2588037 0.5499948 0.2627225 0.5108214 0.2627225 0.5154969 0.2588037 0.5499948 0.2627225 0.5154969 0.2656964 0.5187174 0.2588037 0.5499948 0.2656964 0.5187174 0.268415 0.5204792 0.2588037 0.5499948 0.268415 0.5204792 0.2658083 0.5358543 0.2588037 0.5499948 0.2658083 0.5358543 0.2772183 0.5358543 0.2772183 0.5358543 0.2746115 0.5204792 0.2773302 0.5187174 0.2772183 0.5358543 0.2773302 0.5187174 0.280304 0.5154969 0.280304 0.5154969 0.2803041 0.5108214 0.2925611 0.5087165 0.280304 0.5154969 0.2925611 0.5087165 0.292389 0.5317147 0.280304 0.5154969 0.292389 0.5317147 0.2950865 0.545369 0.280304 0.5154969 0.2950865 0.545369 0.2948132 0.5495968 0.280304 0.5154969 0.2948132 0.5495968 0.2922206 0.5518037 0.280304 0.5154969 0.2922206 0.5518037 0.2880033 0.5513982 0.280304 0.5154969 0.2880033 0.5513982 0.2842229 0.5499948 0.2842229 0.5499948 0.2588037 0.5499948 0.2772183 0.5358543 0.2772183 0.5358543 0.280304 0.5154969 0.2842229 0.5499948 0.1937827 0.02472287 0.1891997 0.02475619 0.1892067 0.02066743 0.1892067 0.02066743 0.1937822 0.02063417 0.1937827 0.02472287 0.0289362 0.09380042 0.02894431 0.09847527 0.02436882 0.09844207 0.02436882 0.09844207 0.02436888 0.09376728 0.0289362 0.09380042 0.2709927 0.001669585 0.2864109 0.001669585 0.2864552 0.006237149 0.2864552 0.006237149 0.2710369 0.006235897 0.2709927 0.001669585 0.3047379 0.15788 0.3047379 0.09503477 0.3252498 0.09503477 0.3252498 0.09503477 0.3252498 0.15788 0.3047379 0.15788 0.02893596 0.09063094 0.0289362 0.09380042 0.02436888 0.09376728 0.02436888 0.09376728 0.02436834 0.0905978 0.02893596 0.09063094 0.9972252 0.07948058 0.9972941 0.08356046 0.9927131 0.08356046 0.9927131 0.08356046 0.9926432 0.07948058 0.9972252 0.07948058 0.4924066 0.7069825 0.4762431 0.7069825 0.4762431 0.6441372 0.4762431 0.6441372 0.4924066 0.6441372 0.4924066 0.7069825 0.9621447 0.09960067 0.9621447 0.09503525 0.9735546 0.09503525 0.9735546 0.09503525 0.9735546 0.09960067 0.9621447 0.09960067 0.02894431 0.09847527 0.02895128 0.102564 0.02436834 0.1025308 0.02436834 0.1025308 0.02436882 0.09844207 0.02894431 0.09847527 0.9978231 0.00625652 0.9951044 0.0062927 0.9951044 0.001726031 0.9951044 0.001726031 0.9978231 0.001689791 0.9978231 0.00625652 0.4976122 0.6441372 0.4976122 0.7069825 0.4924066 0.7069825 0.4924066 0.7069825 0.4924066 0.6441372 0.4976122 0.6441372 0.6367321 0.3471517 0.6323665 0.3515164 0.6114464 0.3515164 0.6367321 0.3471517 0.6114464 0.3515164 0.611448 0.3262345 0.6367321 0.3471517 0.611448 0.3262345 0.632368 0.3262345 0.632368 0.3262345 0.636733 0.3305991 0.6367321 0.3471517 0.6397863 0.1467658 0.6397863 0.08392047 0.6559497 0.08392047 0.6559497 0.08392047 0.6559498 0.1467658 0.6397863 0.1467658 0.3193241 0.5513665 0.2988122 0.5513665 0.2988122 0.4885212 0.2988122 0.4885212 0.3193241 0.4885212 0.3193241 0.5513665 0.2978656 0.608787 0.2350203 0.6087871 0.2350203 0.584119 0.2350203 0.584119 0.2978656 0.584119 0.2978656 0.608787 0.2635751 0.4241362 0.2654653 0.421833 0.2654666 0.442753 0.2654666 0.442753 0.2635762 0.4419278 0.2635751 0.4241362 0.01257979 0.3292939 0.01257985 0.3083739 0.01694446 0.3040084 0.01257979 0.3292939 0.01694446 0.3040084 0.03349709 0.3040075 0.01257979 0.3292939 0.03349709 0.3040075 0.0378617 0.3083723 0.0378617 0.3083723 0.0378617 0.3292924 0.01257979 0.3292939 0.9636369 0.02833873 0.9687741 0.02833873 0.9687741 0.09118407 0.9687741 0.09118407 0.9636369 0.09118407 0.9636369 0.02833873 0.6559497 0.08392047 0.6611554 0.08392047 0.6611554 0.1467658 0.6611554 0.1467658 0.6559498 0.1467658 0.6559497 0.08392047 0.9892873 0.09118407 0.9687741 0.09118407 0.9687741 0.02833873 0.9687741 0.02833873 0.9892873 0.02833873 0.9892873 0.09118407 0.2284416 0.5250592 0.2009099 0.5250592 0.2009099 0.50408 0.2009099 0.50408 0.2284416 0.50408 0.2284416 0.5250592 0.2420749 0.4419278 0.2401846 0.442753 0.2401834 0.421833 0.2401834 0.421833 0.2420738 0.4241362 0.2420749 0.4419278 0.2635762 0.4419278 0.2654666 0.442753 0.2611021 0.4471182 0.2611021 0.4471182 0.2598644 0.4456402 0.2635762 0.4419278 0.2457871 0.4456402 0.2445495 0.4471182 0.2401846 0.442753 0.2401846 0.442753 0.2420749 0.4419278 0.2457871 0.4456402 0.2598644 0.4456402 0.2611021 0.4471182 0.2445495 0.4471182 0.2445495 0.4471182 0.2457871 0.4456402 0.2598644 0.4456402 0.2420738 0.4241362 0.2401834 0.421833 0.2654653 0.421833 0.2654653 0.421833 0.2635751 0.4241362 0.2420738 0.4241362 0.9447981 0.5678204 0.9447991 0.585612 0.923298 0.585612 0.9447981 0.5678204 0.923298 0.585612 0.9232969 0.5678204 0.9447981 0.5678204 0.9232969 0.5678204 0.9270086 0.5641079 0.9270086 0.5641079 0.9410859 0.5641079 0.9447981 0.5678204 0.8903311 0.141725 0.8903311 0.1692568 0.8765847 0.1692568 0.8765847 0.1692568 0.8765847 0.141725 0.8903311 0.141725 0.2731708 0.4493585 0.2731708 0.4218268 0.2906164 0.4218268 0.2906164 0.4218268 0.2906164 0.4493585 0.2731708 0.4493585 0.2688018 0.4493585 0.2688018 0.4218268 0.2731708 0.4218268 0.2731708 0.4218268 0.2731708 0.4493585 0.2688018 0.4493585 0.8209881 0.424054 0.8209881 0.4515857 0.8035436 0.4515857 0.8035436 0.4515857 0.8035436 0.424054 0.8209881 0.424054 0.8947583 0.141725 0.8947583 0.1692568 0.8903311 0.1692568 0.8903311 0.1692568 0.8903311 0.141725 0.8947583 0.141725 0.9926604 0.1264577 0.9812505 0.1264577 0.9838572 0.1110826 0.9838572 0.1110826 0.9811385 0.1093208 0.9781647 0.1061003 0.9838572 0.1110826 0.9781647 0.1061003 0.9781647 0.1014249 0.9838572 0.1110826 0.9781647 0.1014249 0.9805201 0.09737586 0.9838572 0.1110826 0.9805201 0.09737586 0.9846 0.09503811 0.9838572 0.1110826 0.9846 0.09503811 0.9893109 0.09503811 0.9838572 0.1110826 0.9893109 0.09503811 0.9933907 0.09737586 0.9838572 0.1110826 0.9933907 0.09737586 0.9957462 0.1014249 0.9838572 0.1110826 0.9957462 0.1014249 0.9957462 0.1061003 0.9838572 0.1110826 0.9957462 0.1061003 0.9927724 0.1093208 0.9838572 0.1110826 0.9927724 0.1093208 0.9900537 0.1110826 0.9838572 0.1110826 0.9900537 0.1110826 0.9926604 0.1264577 0.7025548 0.6891979 0.6778868 0.6891979 0.6778868 0.6263526 0.6778868 0.6263526 0.7025548 0.6263526 0.7025548 0.6891979 0.3033083 0.02834337 0.3033083 0.09118872 0.2981711 0.09118872 0.2981711 0.09118872 0.298171 0.02834337 0.3033083 0.02834337 0.4475379 0.001662731 0.4521046 0.001662731 0.4520683 0.004381418 0.4520683 0.004381418 0.4475017 0.004381418 0.4475379 0.001662731 0.02436602 0.06919306 0.02436864 0.04619532 0.02830141 0.04618841 0.02830141 0.04618841 0.02829879 0.06918621 0.02436602 0.06919306 0.8483236 0.3695105 0.8210878 0.3695105 0.8209756 0.3435176 0.8209756 0.3435176 0.8484358 0.3435176 0.8483236 0.3695105 0.8512874 0.3954332 0.8181241 0.3954332 0.8210878 0.3695105 0.8210878 0.3695105 0.8483236 0.3695105 0.8512874 0.3954332 0.8517009 0.3175949 0.8484358 0.3435176 0.8209756 0.3435176 0.8209756 0.3435176 0.8177105 0.3175949 0.8517009 0.3175949 0.640968 0.4197931 0.6104705 0.4198401 0.6104812 0.3898359 0.6104812 0.3898359 0.6341436 0.3896908 0.640968 0.4197931 0.1641908 0.5364547 0.1641908 0.5032914 0.1732705 0.5071634 0.1732705 0.5071634 0.1732705 0.5325826 0.1641908 0.5364547 0.640968 0.4430713 0.6104705 0.4431128 0.6104645 0.4375916 0.6104645 0.4375916 0.640962 0.4375446 0.640968 0.4430713 0.24196 0.5028779 0.24196 0.5368683 0.2328794 0.5328996 0.2328794 0.5328996 0.2328794 0.5068466 0.24196 0.5028779 0.3033083 0.09118872 0.3033083 0.02834337 0.3238214 0.02834337 0.3238214 0.02834337 0.3238214 0.09118872 0.3033083 0.09118872 0.1975808 0.5316113 0.1766015 0.5316113 0.1766015 0.5040796 0.1766015 0.5040796 0.1975808 0.5040796 0.1975808 0.5316113 0.00166738 0.3329034 0.02258741 0.3329035 0.02176225 0.3347938 0.02176225 0.3347938 0.003970742 0.3347938 0.00166738 0.3329034 0.02695381 0.3538207 0.02258896 0.3581854 0.02176356 0.356295 0.02176356 0.356295 0.02547585 0.3525831 0.02695381 0.3538207 0.02258741 0.3329035 0.02695286 0.3372681 0.02547502 0.3385058 0.02547502 0.3385058 0.02176225 0.3347938 0.02258741 0.3329035 0.02695286 0.3372681 0.02695381 0.3538207 0.02547585 0.3525831 0.02547585 0.3525831 0.02547502 0.3385058 0.02695286 0.3372681 0.00166893 0.3581853 0.00166738 0.3329034 0.003970742 0.3347938 0.003970742 0.3347938 0.003972053 0.356295 0.00166893 0.3581853 0.5295986 0.5811635 0.5295987 0.5596624 0.5473903 0.5596634 0.5295986 0.5811635 0.5473903 0.5596634 0.5511027 0.5633755 0.5295986 0.5811635 0.5511027 0.5633755 0.5511028 0.5774528 0.5511028 0.5774528 0.5473902 0.5811645 0.5295986 0.5811635 0.9253108 0.4929695 0.9390572 0.4929695 0.9390572 0.5205013 0.9390572 0.5205013 0.9253108 0.5205013 0.9253108 0.4929695 0.9917687 0.001670539 0.9917687 0.0191161 0.964237 0.01911604 0.964237 0.01911604 0.964237 0.001670539 0.9917687 0.001670539 0.9917687 0.0191161 0.9917687 0.02348512 0.964237 0.02348506 0.964237 0.02348506 0.964237 0.01911604 0.9917687 0.0191161 0.925306 0.5240927 0.9427505 0.5240927 0.9427505 0.5516244 0.9427505 0.5516244 0.925306 0.5516244 0.925306 0.5240927 0.9390572 0.4929695 0.9434844 0.4929695 0.9434844 0.5205013 0.9434844 0.5205013 0.9390572 0.5205013 0.9390572 0.4929695 0.9927131 0.08356046 0.9972941 0.08356046 0.9972941 0.08827137 0.9972941 0.08827137 0.9927131 0.08827137 0.9927131 0.08356046</float_array>
          <technique_common>
            <accessor source="#Cube_001-mesh-map-0-array" count="2940" stride="2">
              <param name="S" type="float"/>
              <param name="T" type="float"/>
            </accessor>
          </technique_common>
        </source>
        <vertices id="Cube_001-mesh-vertices">
          <input semantic="POSITION" source="#Cube_001-mesh-positions"/>
        </vertices>
        <triangles material="Chest-material" count="980">
          <input semantic="VERTEX" source="#Cube_001-mesh-vertices" offset="0"/>
          <input semantic="NORMAL" source="#Cube_001-mesh-normals" offset="1"/>
          <input semantic="TEXCOORD" source="#Cube_001-mesh-map-0" offset="2" set="0"/>
          <p>3 0 0 0 1 1 1 2 2 1 2 3 2 3 4 3 0 5 7 4 6 4 5 7 5 5 8 5 5 9 6 6 10 7 4 11 11 7 12 8 8 13 9 9 14 9 9 15 10 10 16 11 7 17 15 11 18 12 12 19 13 13 20 13 13 21 14 14 22 15 11 23 12 15 24 16 16 25 17 17 26 17 17 27 13 18 28 12 15 29 21 19 30 18 20 31 19 21 32 19 21 33 20 22 34 21 19 35 25 23 36 22 24 37 23 25 38 23 25 39 24 26 40 25 23 41 23 25 42 22 24 43 26 27 44 26 27 45 27 28 46 23 25 47 31 29 48 28 30 49 29 31 50 29 31 51 30 32 52 31 29 53 13 18 54 17 17 55 32 33 56 32 33 57 33 33 58 13 18 59 37 34 60 34 35 61 35 36 62 35 36 63 36 37 64 37 34 65 41 38 66 38 38 67 39 38 68 39 38 69 40 38 70 41 38 71 45 39 72 42 40 73 43 41 74 43 41 75 44 33 76 45 39 77 48 42 78 46 43 79 29 31 80 29 31 81 47 44 82 48 42 83 52 45 84 49 46 85 50 47 86 50 47 87 51 48 88 52 45 89 56 49 90 53 50 91 54 51 92 54 51 93 55 52 94 56 49 95 3 0 96 57 53 97 58 54 98 58 54 99 55 52 100 3 0 101 62 55 102 59 56 103 60 57 104 60 57 105 61 58 106 62 55 107 55 52 108 58 54 109 63 59 110 63 59 111 56 49 112 55 52 113 65 60 114 64 61 115 44 62 116 44 62 117 43 63 118 65 60 119 67 64 120 66 65 121 52 66 122 52 66 123 51 67 124 67 64 125 71 68 126 68 69 127 69 70 128 69 70 129 70 71 130 71 68 131 33 72 132 72 73 133 6 74 134 6 74 135 5 75 136 33 72 137 76 76 138 73 77 139 74 78 140 74 78 141 75 79 142 76 76 143 78 80 144 77 81 145 56 5 146 56 5 147 63 5 148 78 80 149 5 5 150 4 5 151 79 82 152 79 82 153 14 83 154 5 5 155 81 84 156 67 64 157 51 67 158 51 67 159 80 85 160 81 84 161 85 86 162 82 87 163 83 88 164 83 88 165 84 89 166 85 86 167 89 90 168 86 91 169 87 92 170 87 92 171 88 93 172 89 90 173 92 94 174 90 95 175 91 96 176 91 96 177 88 93 178 92 94 179 96 97 180 93 98 181 94 99 182 94 99 183 95 100 184 96 97 185 98 101 186 96 102 187 95 103 188 95 103 189 97 104 190 98 101 191 102 105 192 99 106 193 100 107 194 100 107 195 101 108 196 102 105 197 50 47 198 103 109 199 80 110 200 80 110 201 51 48 202 50 47 203 98 111 204 54 112 205 53 113 206 53 113 207 96 114 208 98 111 209 105 115 210 104 116 211 66 117 212 66 117 213 67 118 214 105 115 215 109 119 216 106 120 217 107 121 218 107 121 219 108 122 220 109 119 221 110 123 222 92 94 223 88 93 224 88 93 225 87 92 226 110 123 227 99 124 228 0 125 229 54 112 230 54 112 231 98 111 232 99 124 233 94 99 234 93 98 235 49 126 236 49 126 237 52 127 238 94 99 239 113 128 240 111 129 241 112 130 242 112 130 243 71 131 244 113 128 245 116 132 246 114 133 247 115 134 248 115 134 249 112 135 250 116 132 251 94 136 252 117 137 253 118 138 254 118 138 255 95 139 256 94 136 257 95 139 258 118 138 259 119 140 260 119 140 261 97 141 262 95 139 263 14 83 264 79 82 265 120 142 266 120 142 267 15 143 268 14 83 269 100 144 270 121 145 271 122 146 272 122 146 273 101 147 274 100 144 275 126 148 276 123 149 277 124 150 278 124 150 279 125 151 280 126 148 281 36 152 282 35 153 283 113 154 284 113 154 285 127 155 286 36 152 287 129 156 288 128 157 289 8 8 290 8 8 291 11 7 292 129 156 293 117 158 294 18 159 295 21 160 296 21 160 297 118 161 298 117 158 299 118 162 300 21 163 301 20 164 302 20 164 303 119 165 304 118 162 305 121 166 306 25 167 307 24 168 308 24 168 309 122 169 310 121 166 311 26 170 312 105 115 313 67 118 314 67 118 315 81 171 316 26 170 317 7 172 318 130 173 319 32 174 320 32 174 321 4 175 322 7 172 323 134 176 324 131 177 325 132 178 326 132 178 327 133 179 328 134 176 329 119 165 330 20 164 331 25 167 332 25 167 333 121 166 334 119 165 335 137 180 336 135 181 337 136 182 338 136 182 339 103 183 340 137 180 341 97 141 342 119 140 343 121 145 344 121 145 345 100 144 346 97 141 347 102 184 348 1 185 349 0 125 350 0 125 351 99 124 352 102 184 353 27 186 354 26 170 355 81 171 356 81 171 357 138 187 358 27 186 359 100 107 360 99 106 361 98 101 362 98 101 363 97 104 364 100 107 365 104 188 366 18 159 367 117 158 368 117 158 369 66 189 370 104 188 371 138 190 372 81 84 373 80 85 374 80 85 375 139 191 376 138 190 377 8 192 378 34 35 379 37 34 380 37 34 381 9 193 382 8 192 383 2 3 384 140 194 385 57 53 386 57 53 387 3 0 388 2 3 389 144 195 390 141 196 391 142 197 392 142 197 393 143 198 394 144 195 395 17 199 396 16 200 397 120 201 398 120 201 399 79 202 400 17 199 401 80 110 402 103 109 403 136 203 404 136 203 405 139 204 406 80 110 407 20 22 408 19 21 409 22 24 410 22 24 411 25 23 412 20 22 413 55 52 414 54 51 415 0 1 416 0 1 417 3 0 418 55 52 419 148 205 420 145 206 421 146 207 422 146 207 423 147 208 424 148 205 425 22 24 426 19 21 427 105 209 428 105 209 429 26 27 430 22 24 431 145 206 432 149 210 433 150 211 434 150 211 435 146 207 436 145 206 437 154 212 438 151 213 439 152 214 440 152 214 441 153 215 442 154 212 443 157 216 444 150 217 445 155 218 446 155 218 447 156 219 448 157 216 449 157 220 450 158 221 451 151 213 452 151 213 453 154 212 454 157 220 455 161 222 456 159 223 457 156 224 458 156 224 459 160 225 460 161 222 461 146 226 462 150 217 463 157 216 464 157 216 465 154 227 466 146 226 467 145 228 468 148 229 469 152 230 470 152 230 471 151 231 472 145 228 473 147 232 474 146 226 475 154 227 476 154 227 477 153 233 478 147 232 479 161 234 480 162 235 481 163 236 482 163 236 483 159 237 484 161 234 485 150 211 486 149 210 487 163 238 488 163 238 489 155 239 490 150 211 491 137 240 492 89 90 493 88 93 494 88 93 495 91 96 496 137 240 497 148 241 498 147 241 499 153 241 500 153 241 501 152 241 502 148 241 503 167 242 504 164 243 505 165 244 506 165 244 507 166 245 508 167 242 509 160 246 510 168 247 511 162 248 512 162 248 513 161 249 514 160 246 515 164 243 516 169 250 517 170 251 518 170 251 519 165 244 520 164 243 521 174 252 522 171 253 523 172 254 524 172 254 525 173 255 526 174 252 527 178 256 528 175 257 529 176 258 530 176 258 531 177 259 532 178 256 533 180 260 534 179 261 535 171 253 536 171 253 537 174 252 538 180 260 539 177 262 540 179 261 541 180 260 542 180 260 543 181 263 544 177 262 545 165 264 546 170 265 547 180 266 548 180 266 549 174 267 550 165 264 551 164 268 552 167 269 553 172 270 554 172 270 555 171 271 556 164 268 557 166 272 558 165 264 559 174 267 560 174 267 561 173 273 562 166 272 563 181 274 564 182 275 565 183 276 566 183 276 567 184 277 568 181 274 569 178 278 570 177 262 571 181 263 572 181 263 573 184 279 574 178 278 575 182 280 576 176 281 577 175 282 578 175 282 579 183 283 580 182 280 581 167 284 582 166 285 583 173 286 584 173 286 585 172 287 586 167 284 587 188 288 588 185 289 589 186 290 590 186 290 591 187 291 592 188 288 593 192 292 594 189 293 595 190 294 596 190 294 597 191 295 598 192 292 599 185 289 600 193 296 601 194 297 602 194 297 603 186 290 604 185 289 605 198 298 606 195 299 607 196 300 608 196 300 609 197 301 610 198 298 611 200 302 612 192 303 613 191 304 614 191 304 615 199 305 616 200 302 617 202 306 618 201 307 619 195 299 620 195 299 621 198 298 622 202 306 623 202 308 624 194 309 625 192 303 626 192 303 627 200 302 628 202 308 629 186 310 630 194 309 631 202 308 632 202 308 633 198 311 634 186 310 635 185 312 636 188 313 637 196 314 638 196 314 639 195 315 640 185 312 641 187 316 642 186 310 643 198 311 644 198 311 645 197 317 646 187 316 647 199 318 648 191 319 649 190 320 650 190 320 651 203 321 652 199 318 653 204 322 654 201 307 655 202 306 656 202 306 657 200 323 658 204 322 659 194 297 660 193 296 661 189 293 662 189 293 663 192 292 664 194 297 665 188 324 666 187 325 667 197 326 668 197 326 669 196 327 670 188 324 671 86 328 672 89 329 673 50 330 674 50 330 675 49 331 676 86 328 677 206 332 678 205 333 679 109 334 680 109 334 681 30 32 682 206 332 683 210 335 684 207 336 685 208 337 686 208 337 687 209 338 688 210 335 689 207 339 690 211 340 691 212 341 692 212 341 693 208 342 694 207 339 695 35 153 696 61 343 697 111 344 698 111 344 699 113 154 700 35 153 701 214 345 702 210 346 703 209 347 704 209 347 705 213 348 706 214 345 707 218 349 708 215 350 709 216 351 710 216 351 711 217 352 712 218 349 713 211 340 714 219 353 715 220 353 716 220 353 717 212 341 718 211 340 719 213 354 720 209 355 721 208 356 722 208 356 723 212 357 724 213 354 725 223 358 726 125 359 727 221 360 728 221 360 729 222 361 730 223 358 731 207 362 732 210 363 733 214 364 734 214 364 735 211 365 736 207 362 737 224 366 738 213 354 739 212 357 740 212 357 741 220 175 742 224 366 743 144 367 744 225 368 745 226 369 746 226 369 747 227 370 748 144 367 749 228 371 750 214 345 751 213 348 752 213 348 753 224 372 754 228 371 755 211 365 756 214 364 757 228 373 758 228 373 759 219 75 760 211 365 761 230 374 762 57 53 763 140 194 764 140 194 765 229 375 766 230 374 767 233 376 768 59 377 769 231 378 770 231 378 771 232 379 772 233 376 773 235 380 774 233 381 775 234 382 776 234 382 777 116 383 778 235 380 779 40 384 780 39 385 781 236 386 782 236 386 783 237 387 784 40 384 785 217 388 786 238 389 787 143 390 788 143 390 789 218 391 790 217 388 791 239 392 792 58 54 793 57 53 794 57 53 795 230 374 796 239 392 797 243 393 798 240 394 799 241 395 800 241 395 801 242 396 802 243 393 803 244 397 804 63 59 805 58 54 806 58 54 807 239 392 808 244 397 809 227 370 810 226 369 811 245 398 812 245 398 813 246 399 814 227 370 815 248 400 816 42 40 817 133 401 818 133 401 819 247 402 820 248 400 821 28 30 822 31 29 823 239 392 824 239 392 825 230 374 826 28 30 827 64 403 828 249 403 829 45 404 830 45 404 831 44 405 832 64 403 833 251 406 834 250 406 835 248 406 836 248 406 837 247 406 838 251 406 839 43 41 840 42 40 841 248 400 842 248 400 843 252 407 844 43 41 845 254 408 846 7 4 847 6 6 848 6 6 849 253 409 850 254 408 851 9 410 852 37 411 853 249 412 854 9 410 855 249 412 856 64 413 857 9 410 858 64 413 859 65 414 860 65 414 861 255 33 862 256 415 863 65 414 864 256 415 865 242 416 866 65 414 867 242 416 868 241 33 869 9 410 870 65 414 871 241 33 872 127 417 873 113 128 874 71 131 875 71 131 876 70 418 877 127 417 878 89 329 879 137 180 880 103 183 881 103 183 882 50 330 883 89 329 884 260 419 885 257 420 886 258 421 887 258 421 888 259 422 889 260 419 890 264 423 891 261 424 892 262 425 893 262 425 894 263 426 895 264 423 896 92 94 897 110 123 898 264 423 899 264 423 900 263 426 901 92 94 902 268 427 903 265 428 904 266 429 905 266 429 906 267 430 907 268 427 908 141 431 909 269 432 910 270 433 911 270 433 912 142 434 913 141 431 914 90 95 915 92 94 916 263 426 917 263 426 918 271 435 919 90 95 920 32 33 921 130 436 922 72 437 923 72 437 924 33 33 925 32 33 926 115 134 927 68 69 928 71 68 929 71 68 930 112 135 931 115 134 932 263 426 933 262 425 934 272 438 935 272 438 936 271 435 937 263 426 938 74 78 939 273 439 940 274 440 941 274 440 942 75 79 943 74 78 944 274 441 945 232 442 946 129 443 947 129 443 948 75 444 949 274 441 950 238 445 951 270 446 952 269 447 953 269 447 954 225 448 955 238 445 956 234 449 957 275 450 958 114 451 959 114 451 960 116 452 961 234 449 962 248 406 963 250 406 964 276 406 965 276 406 966 252 453 967 248 406 968 265 454 969 277 455 970 278 456 971 278 456 972 279 457 973 265 454 974 45 404 975 249 403 976 131 458 977 131 458 978 134 459 979 45 404 980 281 460 981 278 461 982 277 462 983 277 462 984 280 463 985 281 460 986 268 464 987 282 465 988 277 455 989 277 455 990 265 454 991 268 464 992 286 466 993 283 467 994 284 468 995 284 468 996 285 469 997 286 466 998 290 470 999 287 471 1000 288 472 1001 288 472 1002 289 473 1003 290 470 1004 291 474 1005 28 30 1006 230 374 1007 230 374 1008 229 375 1009 291 474 1010 46 43 1011 206 332 1012 30 32 1013 30 32 1014 29 31 1015 46 43 1016 293 475 1017 292 476 1018 223 477 1019 223 477 1020 222 478 1021 293 475 1022 294 479 1023 241 480 1024 240 481 1025 240 481 1026 73 482 1027 294 479 1028 292 483 1029 124 484 1030 123 485 1031 123 485 1032 257 486 1033 292 483 1034 267 487 1035 295 488 1036 282 488 1037 282 488 1038 268 488 1039 267 487 1040 260 489 1041 126 490 1042 125 359 1043 125 359 1044 223 358 1045 260 489 1046 286 491 1047 285 492 1048 246 493 1049 246 493 1050 245 494 1051 286 491 1052 220 353 1053 219 353 1054 296 495 1055 296 495 1056 297 496 1057 220 353 1058 271 435 1059 272 438 1060 256 497 1061 256 497 1062 255 498 1063 271 435 1064 301 499 1065 298 500 1066 299 501 1067 299 501 1068 300 502 1069 301 499 1070 41 503 1071 40 504 1072 237 505 1073 237 505 1074 297 506 1075 41 503 1076 273 507 1077 287 508 1078 302 509 1079 302 509 1080 275 510 1081 273 507 1082 36 511 1083 48 33 1084 47 512 1085 291 513 1086 229 33 1087 132 514 1088 291 513 1089 132 514 1090 131 515 1091 131 515 1092 249 412 1093 37 411 1094 131 515 1095 37 411 1096 36 511 1097 131 515 1098 36 511 1099 47 512 1100 47 512 1101 291 513 1102 131 515 1103 205 516 1104 206 517 1105 115 518 1106 115 518 1107 114 519 1108 205 516 1109 254 520 1110 303 521 1111 130 173 1112 130 173 1113 7 172 1114 254 520 1115 130 436 1116 303 522 1117 304 523 1118 304 523 1119 72 437 1120 130 436 1121 76 524 1122 11 525 1123 10 526 1124 10 526 1125 305 527 1126 76 524 1127 265 428 1128 279 528 1129 306 529 1130 306 529 1131 266 429 1132 265 428 1133 123 485 1134 82 530 1135 258 531 1136 258 531 1137 257 486 1138 123 485 1139 280 463 1140 277 462 1141 282 532 1142 282 532 1143 295 533 1144 280 463 1145 34 35 1146 62 55 1147 61 58 1148 61 58 1149 35 36 1150 34 35 1151 107 121 1152 106 120 1153 290 534 1154 290 534 1155 261 535 1156 107 121 1157 298 500 1158 281 536 1159 306 537 1160 306 537 1161 299 501 1162 298 500 1163 83 538 1164 126 490 1165 260 489 1166 260 489 1167 259 539 1168 83 538 1169 266 540 1170 280 541 1171 295 542 1172 295 542 1173 267 543 1174 266 540 1175 142 434 1176 270 433 1177 216 544 1178 216 544 1179 215 545 1180 142 434 1181 310 546 1182 307 547 1183 308 548 1184 308 548 1185 309 549 1186 310 546 1187 307 550 1188 310 551 1189 298 552 1190 298 552 1191 301 553 1192 307 550 1193 242 396 1194 256 497 1195 272 438 1196 272 438 1197 243 393 1198 242 396 1199 302 509 1200 205 516 1201 114 519 1202 114 519 1203 275 510 1204 302 509 1205 294 554 1206 73 77 1207 76 76 1208 76 76 1209 305 555 1210 294 554 1211 306 529 1212 279 528 1213 309 556 1214 309 556 1215 299 557 1216 306 529 1217 306 537 1218 281 536 1219 280 541 1220 280 541 1221 266 540 1222 306 537 1223 128 558 1224 62 55 1225 34 35 1226 34 35 1227 8 192 1228 128 558 1229 297 496 1230 296 495 1231 38 559 1232 38 559 1233 41 560 1234 297 496 1235 82 87 1236 123 149 1237 126 148 1238 126 148 1239 83 88 1240 82 87 1241 299 557 1242 309 556 1243 308 561 1244 308 561 1245 300 562 1246 299 557 1247 261 535 1248 264 563 1249 311 564 1250 311 564 1251 107 121 1252 261 535 1253 287 565 1254 290 534 1255 106 120 1256 106 120 1257 302 5 1258 287 565 1259 289 473 1260 262 425 1261 261 424 1262 261 424 1263 290 470 1264 289 473 1265 85 566 1266 84 567 1267 312 568 1268 312 568 1269 313 569 1270 85 566 1271 310 551 1272 278 461 1273 281 460 1274 281 460 1275 298 552 1276 310 551 1277 143 198 1278 142 197 1279 215 570 1280 215 570 1281 218 571 1282 143 198 1283 297 506 1284 237 505 1285 224 366 1286 224 366 1287 220 175 1288 297 506 1289 72 73 1290 304 572 1291 253 573 1292 253 573 1293 6 74 1294 72 73 1295 106 120 1296 109 119 1297 205 574 1298 205 574 1299 302 5 1300 106 120 1301 303 575 1302 254 576 1303 253 577 1304 253 577 1305 304 578 1306 303 575 1307 132 178 1308 251 579 1309 247 580 1310 247 580 1311 133 179 1312 132 178 1313 28 30 1314 291 474 1315 47 44 1316 47 44 1317 29 31 1318 28 30 1319 32 174 1320 17 199 1321 79 202 1322 79 202 1323 4 175 1324 32 174 1325 314 581 1326 90 95 1327 271 435 1328 271 435 1329 255 498 1330 314 581 1331 273 582 1332 275 450 1333 234 449 1334 234 449 1335 274 583 1336 273 582 1337 46 584 1338 48 585 1339 69 586 1340 69 586 1341 68 587 1342 46 584 1343 228 373 1344 236 588 1345 296 589 1346 296 589 1347 219 75 1348 228 373 1349 259 422 1350 258 421 1351 313 590 1352 313 590 1353 312 591 1354 259 422 1355 278 456 1356 310 546 1357 309 549 1358 309 549 1359 279 457 1360 278 456 1361 206 517 1362 46 584 1363 68 587 1364 68 587 1365 115 518 1366 206 517 1367 237 387 1368 236 386 1369 228 371 1370 228 371 1371 224 372 1372 237 387 1373 284 592 1374 141 196 1375 144 195 1376 144 195 1377 227 593 1378 284 592 1379 75 444 1380 129 443 1381 11 525 1382 11 525 1383 76 524 1384 75 444 1385 31 29 1386 108 594 1387 244 397 1388 244 397 1389 239 392 1390 31 29 1391 289 473 1392 288 472 1393 240 394 1394 240 394 1395 243 393 1396 289 473 1397 283 467 1398 269 432 1399 141 431 1400 141 431 1401 284 468 1402 283 467 1403 84 595 1404 83 538 1405 259 539 1406 259 539 1407 312 596 1408 84 595 1409 125 151 1410 124 150 1411 315 597 1412 315 597 1413 221 598 1414 125 151 1415 108 594 1416 31 29 1417 30 32 1418 30 32 1419 109 334 1420 108 594 1421 222 599 1422 221 600 1423 315 601 1424 315 601 1425 293 602 1426 222 599 1427 73 482 1428 240 481 1429 288 603 1430 288 603 1431 74 604 1432 73 482 1433 243 393 1434 272 438 1435 262 425 1436 262 425 1437 289 473 1438 243 393 1439 14 14 1440 13 13 1441 33 72 1442 33 72 1443 5 75 1444 14 14 1445 203 605 1446 190 606 1447 189 607 1448 189 607 1449 204 608 1450 203 605 1451 193 609 1452 185 312 1453 195 315 1454 195 315 1455 201 610 1456 193 609 1457 184 611 1458 183 612 1459 175 613 1460 175 613 1461 178 614 1462 184 611 1463 203 615 1464 204 322 1465 200 323 1466 200 323 1467 199 616 1468 203 615 1469 180 266 1470 170 265 1471 182 275 1472 182 275 1473 181 274 1474 180 266 1475 169 617 1476 164 268 1477 171 271 1478 171 271 1479 179 618 1480 169 617 1481 156 219 1482 155 218 1483 168 619 1484 168 619 1485 160 620 1486 156 219 1487 170 251 1488 169 250 1489 176 281 1490 176 281 1491 182 280 1492 170 251 1493 159 223 1494 158 221 1495 157 220 1496 157 220 1497 156 224 1498 159 223 1499 149 621 1500 145 228 1501 151 231 1502 151 231 1503 158 622 1504 149 621 1505 90 95 1506 314 581 1507 316 623 1508 316 623 1509 91 96 1510 90 95 1511 155 239 1512 163 238 1513 162 624 1514 162 624 1515 168 625 1516 155 239 1517 234 382 1518 233 381 1519 232 442 1520 232 442 1521 274 441 1522 234 382 1523 74 604 1524 288 603 1525 287 508 1526 287 508 1527 273 507 1528 74 604 1529 238 389 1530 225 368 1531 144 367 1532 144 367 1533 143 390 1534 238 389 1535 111 129 1536 235 380 1537 116 383 1538 116 383 1539 112 130 1540 111 129 1541 87 626 1542 77 81 1543 78 80 1544 78 80 1545 110 627 1546 87 626 1547 96 114 1548 53 113 1549 317 628 1550 317 628 1551 93 629 1552 96 114 1553 63 5 1554 244 5 1555 311 564 1556 311 564 1557 78 80 1558 63 5 1559 60 630 1560 59 377 1561 233 376 1562 233 376 1563 235 631 1564 60 630 1565 53 5 1566 56 5 1567 77 81 1568 77 81 1569 317 5 1570 53 5 1571 82 530 1572 85 632 1573 313 633 1574 313 633 1575 258 531 1576 82 530 1577 318 634 1578 319 635 1579 320 636 1580 318 634 1581 320 636 1582 321 637 1583 318 634 1584 321 637 1585 322 638 1586 19 21 1587 18 20 1588 104 639 1589 104 639 1590 105 209 1591 19 21 1592 283 640 1593 286 641 1594 245 642 1595 245 642 1596 226 643 1597 283 640 1598 61 343 1599 60 644 1600 235 645 1601 235 645 1602 111 344 1603 61 343 1604 327 646 1605 323 647 1606 324 648 1607 327 646 1608 324 648 1609 325 649 1610 325 649 1611 326 650 1612 327 646 1613 66 65 1614 117 137 1615 94 136 1616 94 136 1617 52 66 1618 66 65 1619 15 651 1620 120 652 1621 16 653 1622 16 653 1623 12 654 1624 15 651 1625 133 401 1626 42 40 1627 45 39 1628 45 39 1629 134 655 1630 133 401 1631 135 656 1632 137 240 1633 91 96 1634 91 96 1635 316 623 1636 135 656 1637 217 657 1638 216 658 1639 270 446 1640 270 446 1641 238 445 1642 217 657 1643 232 659 1644 231 660 1645 128 157 1646 128 157 1647 129 156 1648 232 659 1649 252 661 1650 276 662 1651 65 60 1652 65 60 1653 43 63 1654 252 661 1655 236 588 1656 39 663 1657 38 664 1658 38 664 1659 296 589 1660 236 588 1661 311 564 1662 244 5 1663 108 122 1664 108 122 1665 107 121 1666 311 564 1667 292 476 1668 257 420 1669 260 419 1670 260 419 1671 223 477 1672 292 476 1673 204 608 1674 189 607 1675 193 609 1676 193 609 1677 201 610 1678 204 608 1679 177 259 1680 176 258 1681 169 617 1682 169 617 1683 179 618 1684 177 259 1685 159 237 1686 163 236 1687 149 621 1688 149 621 1689 158 622 1690 159 237 1691 293 665 1692 315 666 1693 124 484 1694 124 484 1695 292 483 1696 293 665 1697 231 57 1698 59 56 1699 62 55 1700 62 55 1701 128 558 1702 231 57 1703 317 628 1704 86 328 1705 49 331 1706 49 331 1707 93 629 1708 317 628 1709 311 564 1710 264 563 1711 110 627 1712 110 627 1713 78 80 1714 311 564 1715 77 81 1716 87 626 1717 86 667 1718 86 667 1719 317 5 1720 77 81 1721 269 447 1722 283 640 1723 226 643 1724 226 643 1725 225 448 1726 269 447 1727 307 668 1728 301 669 1729 300 670 1730 300 670 1731 308 671 1732 307 668 1733 27 672 1734 135 33 1735 316 673 1736 314 674 1737 255 33 1738 65 414 1739 314 674 1740 65 414 1741 276 675 1742 276 675 1743 250 676 1744 23 677 1745 276 675 1746 23 677 1747 27 672 1748 276 675 1749 27 672 1750 316 673 1751 316 673 1752 314 674 1753 276 675 1754 294 554 1755 305 555 1756 325 678 1757 325 678 1758 324 679 1759 294 554 1760 285 680 1761 284 592 1762 227 593 1763 227 593 1764 246 681 1765 285 680 1766 2 682 1767 1 33 1768 24 683 1769 24 683 1770 23 677 1771 250 676 1772 24 683 1773 250 676 1774 251 684 1775 24 683 1776 251 684 1777 132 514 1778 132 514 1779 229 33 1780 140 685 1781 132 514 1782 140 685 1783 2 682 1784 24 683 1785 132 514 1786 2 682 1787 329 686 1788 27 186 1789 138 187 1790 138 187 1791 328 687 1792 329 686 1793 328 688 1794 138 190 1795 139 191 1796 139 191 1797 330 689 1798 328 688 1799 331 690 1800 332 691 1801 333 692 1802 331 690 1803 333 692 1804 334 693 1805 331 690 1806 334 693 1807 335 694 1808 337 695 1809 336 696 1810 329 697 1811 337 695 1812 329 697 1813 328 698 1814 328 698 1815 330 699 1816 337 695 1817 305 527 1818 10 526 1819 326 700 1820 326 700 1821 325 701 1822 305 527 1823 337 702 1824 136 182 1825 135 181 1826 135 181 1827 336 703 1828 337 702 1829 127 417 1830 70 418 1831 320 704 1832 320 704 1833 319 705 1834 127 417 1835 69 586 1836 48 585 1837 322 706 1838 322 706 1839 321 707 1840 69 586 1841 332 708 1842 1 185 1843 102 184 1844 102 184 1845 333 709 1846 332 708 1847 330 710 1848 139 204 1849 136 203 1850 136 203 1851 337 711 1852 330 710 1853 48 175 1854 36 152 1855 318 712 1856 318 712 1857 322 175 1858 48 175 1859 10 10 1860 9 9 1861 327 713 1862 327 713 1863 326 714 1864 10 10 1865 333 715 1866 102 105 1867 101 108 1868 101 108 1869 334 716 1870 333 715 1871 70 71 1872 69 70 1873 321 717 1874 321 717 1875 320 718 1876 70 71 1877 335 719 1878 122 169 1879 24 168 1880 24 168 1881 331 720 1882 335 719 1883 36 152 1884 127 155 1885 319 721 1886 319 721 1887 318 712 1888 36 152 1889 241 480 1890 294 479 1891 324 722 1892 324 722 1893 323 723 1894 241 480 1895 9 9 1896 241 75 1897 323 75 1898 323 75 1899 327 713 1900 9 9 1901 334 724 1902 101 147 1903 122 146 1904 122 146 1905 335 725 1906 334 724 1907 331 720 1908 24 168 1909 1 175 1910 1 175 1911 332 175 1912 331 720 1913 336 75 1914 135 75 1915 27 186 1916 27 186 1917 329 686 1918 336 75 1919 341 726 1920 338 727 1921 339 728 1922 339 728 1923 340 729 1924 341 726 1925 345 730 1926 342 731 1927 343 732 1928 343 732 1929 344 733 1930 345 730 1931 349 734 1932 346 735 1933 347 736 1934 347 736 1935 348 737 1936 349 734 1937 353 738 1938 350 739 1939 351 740 1940 351 740 1941 352 741 1942 353 738 1943 357 742 1944 354 743 1945 355 744 1946 355 744 1947 356 745 1948 357 742 1949 363 746 1950 358 747 1951 359 748 1952 363 746 1953 359 748 1954 348 749 1955 363 746 1956 348 749 1957 360 750 1958 363 746 1959 360 750 1960 361 751 1961 361 751 1962 362 752 1963 363 746 1964 367 753 1965 364 754 1966 365 755 1967 365 755 1968 366 756 1969 367 753 1970 355 757 1971 354 758 1972 368 759 1973 368 759 1974 369 760 1975 355 757 1976 372 761 1977 370 762 1978 371 763 1979 371 763 1980 358 764 1981 372 761 1982 376 765 1983 373 766 1984 374 767 1985 374 767 1986 375 768 1987 376 765 1988 382 769 1989 377 770 1990 378 771 1991 382 769 1992 378 771 1993 379 772 1994 382 769 1995 379 772 1996 380 773 1997 382 769 1998 380 773 1999 381 774 2000 381 774 2001 349 775 2002 382 769 2003 384 776 2004 342 777 2005 345 778 2006 345 778 2007 383 779 2008 384 776 2009 386 780 2010 341 726 2011 340 729 2012 340 729 2013 385 781 2014 386 780 2015 377 782 2016 353 783 2017 387 784 2018 387 784 2019 378 785 2020 377 782 2021 338 727 2022 388 786 2023 389 787 2024 389 787 2025 339 728 2026 338 727 2027 393 788 2028 390 789 2029 391 790 2030 391 790 2031 392 791 2032 393 788 2033 396 792 2034 372 793 2035 394 794 2036 394 794 2037 395 795 2038 396 792 2039 370 762 2040 397 796 2041 398 797 2042 398 797 2043 371 763 2044 370 762 2045 358 747 2046 371 798 2047 399 799 2048 399 799 2049 359 748 2050 358 747 2051 402 800 2052 400 801 2053 350 802 2054 350 802 2055 401 803 2056 402 800 2057 354 758 2058 373 804 2059 403 805 2060 403 805 2061 368 759 2062 354 758 2063 394 806 2064 372 761 2065 358 764 2066 358 764 2067 363 807 2068 394 806 2069 371 798 2070 398 808 2071 404 809 2072 371 798 2073 404 809 2074 405 810 2075 371 798 2076 405 810 2077 369 811 2078 371 798 2079 369 811 2080 368 812 2081 368 812 2082 399 799 2083 371 798 2084 406 813 2085 370 814 2086 372 793 2087 372 793 2088 396 792 2089 406 813 2090 410 815 2091 407 816 2092 408 817 2093 408 817 2094 409 818 2095 410 815 2096 412 819 2097 411 820 2098 338 821 2099 338 821 2100 341 822 2101 412 819 2102 387 823 2103 353 738 2104 352 741 2105 352 741 2106 388 824 2107 387 823 2108 411 825 2109 379 826 2110 378 785 2111 378 785 2112 387 784 2113 411 825 2114 413 827 2115 412 819 2116 341 822 2117 341 822 2118 386 828 2119 413 827 2120 361 829 2121 360 830 2122 414 831 2123 414 831 2124 391 832 2125 361 829 2126 362 833 2127 361 829 2128 391 832 2129 391 832 2130 390 834 2131 362 833 2132 363 807 2133 362 833 2134 390 834 2135 390 834 2136 394 806 2137 363 807 2138 364 835 2139 355 757 2140 369 760 2141 369 760 2142 405 836 2143 364 835 2144 365 837 2145 364 835 2146 405 836 2147 405 836 2148 404 838 2149 365 837 2150 397 796 2151 365 837 2152 404 838 2153 404 838 2154 398 797 2155 397 796 2156 415 839 2157 401 840 2158 377 770 2159 377 770 2160 382 769 2161 415 839 2162 383 841 2163 402 842 2164 401 840 2165 383 841 2166 401 840 2167 415 839 2168 383 841 2169 415 839 2170 403 843 2171 383 841 2172 403 843 2173 416 844 2174 416 844 2175 384 845 2176 383 841 2177 416 846 2178 376 847 2179 342 777 2180 342 777 2181 384 776 2182 416 846 2183 412 848 2184 380 849 2185 379 826 2186 379 826 2187 411 825 2188 412 848 2189 413 850 2190 381 851 2191 380 849 2192 380 849 2193 412 848 2194 413 850 2195 347 736 2196 414 831 2197 360 830 2198 360 830 2199 348 737 2200 347 736 2201 344 852 2202 343 853 2203 417 854 2204 417 854 2205 418 855 2206 344 852 2207 420 856 2208 395 857 2209 393 858 2210 393 858 2211 419 859 2212 420 856 2213 422 860 2214 423 861 2215 424 862 2216 422 860 2217 424 862 2218 420 863 2219 422 860 2220 420 863 2221 419 864 2222 422 860 2223 419 864 2224 425 865 2225 422 860 2226 425 865 2227 426 866 2228 422 860 2229 426 866 2230 409 867 2231 422 860 2232 409 867 2233 408 868 2234 422 860 2235 408 868 2236 385 869 2237 422 860 2238 385 869 2239 340 870 2240 340 870 2241 339 871 2242 389 872 2243 340 870 2244 389 872 2245 427 873 2246 340 870 2247 427 873 2248 428 874 2249 340 870 2250 428 874 2251 429 875 2252 340 870 2253 429 875 2254 430 876 2255 340 870 2256 430 876 2257 421 877 2258 421 877 2259 422 860 2260 340 870 2261 388 786 2262 352 878 2263 427 879 2264 427 879 2265 389 787 2266 388 786 2267 419 859 2268 393 858 2269 392 880 2270 392 880 2271 425 881 2272 419 859 2273 433 882 2274 428 883 2275 431 884 2276 431 884 2277 432 885 2278 433 882 2279 343 853 2280 375 886 2281 434 887 2282 434 887 2283 417 854 2284 343 853 2285 437 888 2286 435 889 2287 406 890 2288 406 890 2289 436 891 2290 437 888 2291 425 881 2292 392 880 2293 438 892 2294 438 892 2295 426 893 2296 425 881 2297 440 894 2298 344 852 2299 418 855 2300 418 855 2301 439 895 2302 440 894 2303 381 851 2304 413 850 2305 346 735 2306 346 735 2307 349 734 2308 381 851 2309 442 896 2310 357 897 2311 356 898 2312 356 898 2313 441 899 2314 442 896 2315 342 731 2316 376 765 2317 375 768 2318 375 768 2319 343 732 2320 342 731 2321 350 739 2322 400 900 2323 440 901 2324 440 901 2325 351 740 2326 350 739 2327 411 820 2328 387 823 2329 388 824 2330 388 824 2331 338 821 2332 411 820 2333 435 902 2334 397 903 2335 370 814 2336 370 814 2337 406 813 2338 435 902 2339 395 795 2340 394 794 2341 390 789 2342 390 789 2343 393 788 2344 395 795 2345 400 900 2346 345 730 2347 344 733 2348 344 733 2349 440 901 2350 400 900 2351 392 791 2352 391 790 2353 414 904 2354 414 904 2355 438 905 2356 392 791 2357 366 756 2358 365 755 2359 397 903 2360 397 903 2361 435 902 2362 366 756 2363 356 745 2364 355 744 2365 364 754 2366 364 754 2367 367 753 2368 356 745 2369 351 906 2370 440 894 2371 439 895 2372 439 895 2373 443 907 2374 351 906 2375 438 905 2376 414 904 2377 347 908 2378 347 908 2379 410 909 2380 438 905 2381 375 886 2382 374 910 2383 444 911 2384 444 911 2385 434 887 2386 375 886 2387 436 891 2388 406 890 2389 396 912 2390 396 912 2391 424 913 2392 436 891 2393 432 885 2394 431 884 2395 445 914 2396 445 914 2397 446 915 2398 432 885 2399 441 899 2400 356 898 2401 367 916 2402 367 916 2403 447 917 2404 441 899 2405 451 918 2406 448 919 2407 449 920 2408 449 920 2409 450 921 2410 451 918 2411 357 897 2412 442 896 2413 444 911 2414 444 911 2415 374 910 2416 357 897 2417 447 917 2418 367 916 2419 366 922 2420 366 922 2421 452 923 2422 447 917 2423 454 924 2424 430 925 2425 429 926 2426 429 926 2427 453 927 2428 454 924 2429 426 893 2430 438 892 2431 410 815 2432 410 815 2433 409 818 2434 426 893 2435 346 928 2436 413 827 2437 386 828 2438 386 828 2439 407 929 2440 346 928 2441 452 923 2442 366 922 2443 435 889 2444 435 889 2445 437 888 2446 452 923 2447 424 913 2448 396 912 2449 395 857 2450 395 857 2451 420 856 2452 424 913 2453 407 816 2454 386 780 2455 385 781 2456 385 781 2457 408 817 2458 407 816 2459 403 805 2460 373 804 2461 376 847 2462 376 847 2463 416 846 2464 403 805 2465 458 930 2466 455 931 2467 456 932 2468 456 932 2469 457 933 2470 458 930 2471 442 934 2472 441 935 2473 447 936 2474 442 934 2475 447 936 2476 452 937 2477 442 934 2478 452 937 2479 437 938 2480 442 934 2481 437 938 2482 436 939 2483 442 934 2484 436 939 2485 424 862 2486 442 934 2487 424 862 2488 423 861 2489 442 934 2490 423 861 2491 459 940 2492 442 934 2493 459 940 2494 460 941 2495 442 934 2496 460 941 2497 461 942 2498 442 934 2499 461 942 2500 462 943 2501 442 934 2502 462 943 2503 449 944 2504 449 944 2505 448 945 2506 445 946 2507 449 944 2508 445 946 2509 431 947 2510 431 947 2511 428 874 2512 427 873 2513 431 947 2514 427 873 2515 443 948 2516 431 947 2517 443 948 2518 439 949 2519 431 947 2520 439 949 2521 418 950 2522 431 947 2523 418 950 2524 417 951 2525 431 947 2526 417 951 2527 434 952 2528 431 947 2529 434 952 2530 444 953 2531 444 953 2532 442 934 2533 449 944 2534 449 944 2535 431 947 2536 444 953 2537 453 927 2538 429 926 2539 428 883 2540 428 883 2541 433 882 2542 453 927 2543 459 954 2544 423 955 2545 463 956 2546 463 956 2547 464 957 2548 459 954 2549 462 958 2550 461 959 2551 465 960 2552 465 960 2553 466 961 2554 462 958 2555 458 962 2556 467 963 2557 468 964 2558 468 964 2559 455 965 2560 458 962 2561 460 966 2562 459 954 2563 464 957 2564 464 957 2565 469 967 2566 460 966 2567 422 968 2568 421 969 2569 470 970 2570 470 970 2571 471 971 2572 422 968 2573 475 972 2574 472 973 2575 473 974 2576 473 974 2577 474 975 2578 475 972 2579 450 976 2580 449 977 2581 462 978 2582 462 978 2583 466 979 2584 450 976 2585 423 955 2586 422 968 2587 471 971 2588 471 971 2589 463 956 2590 423 955 2591 461 980 2592 460 966 2593 469 967 2594 469 967 2595 465 981 2596 461 980 2597 467 963 2598 458 962 2599 475 972 2600 475 972 2601 474 975 2602 467 963 2603 473 982 2604 476 983 2605 477 983 2606 473 982 2607 477 983 2608 468 984 2609 473 982 2610 468 984 2611 467 985 2612 467 985 2613 474 983 2614 473 982 2615 481 986 2616 478 987 2617 479 988 2618 479 988 2619 480 989 2620 481 986 2621 485 964 2622 482 990 2623 483 991 2624 483 991 2625 484 965 2626 485 964 2627 487 992 2628 486 993 2629 485 992 2630 485 992 2631 484 993 2632 487 992 2633 489 994 2634 484 995 2635 483 996 2636 483 996 2637 488 997 2638 489 994 2639 486 998 2640 490 999 2641 481 999 2642 486 998 2643 481 999 2644 480 1000 2645 486 998 2646 480 1000 2647 482 1001 2648 482 1001 2649 485 999 2650 486 998 2651 481 986 2652 490 1002 2653 491 1003 2654 491 1003 2655 478 987 2656 481 986 2657 479 988 2658 483 991 2659 482 990 2660 482 990 2661 480 989 2662 479 988 2663 487 1004 2664 491 1003 2665 490 1002 2666 490 1002 2667 486 1005 2668 487 1004 2669 494 1006 2670 492 1006 2671 489 1006 2672 489 1006 2673 493 1006 2674 494 1006 2675 495 1007 2676 491 1008 2677 487 983 2678 487 983 2679 492 1009 2680 495 1007 2681 488 997 2682 483 996 2683 479 983 2684 479 983 2685 496 983 2686 488 997 2687 497 1010 2688 478 983 2689 491 1008 2690 491 1008 2691 495 1007 2692 497 1010 2693 496 983 2694 479 983 2695 478 983 2696 478 983 2697 497 1010 2698 496 983 2699 492 1009 2700 487 983 2701 484 995 2702 484 995 2703 489 994 2704 492 1009 2705 501 1011 2706 494 983 2707 493 983 2708 501 1011 2709 493 983 2710 498 1012 2711 501 1011 2712 498 1012 2713 499 1013 2714 499 1013 2715 500 1014 2716 501 1011 2717 499 1015 2718 496 1016 2719 497 1017 2720 497 1017 2721 500 1018 2722 499 1015 2723 501 1019 2724 495 1020 2725 492 1021 2726 492 1021 2727 494 1022 2728 501 1019 2729 500 1018 2730 497 1017 2731 495 1020 2732 495 1020 2733 501 1019 2734 500 1018 2735 493 1023 2736 489 1024 2737 488 1025 2738 488 1025 2739 498 1026 2740 493 1023 2741 498 1026 2742 488 1025 2743 496 1016 2744 496 1016 2745 499 1015 2746 498 1026 2747 450 1027 2748 466 1028 2749 465 1029 2750 465 1029 2751 469 1030 2752 464 1031 2753 465 1029 2754 464 1031 2755 463 1032 2756 465 1029 2757 463 1032 2758 471 1033 2759 465 1029 2760 471 1033 2761 470 1034 2762 465 1029 2763 470 1034 2764 454 1035 2765 465 1029 2766 454 1035 2767 453 1036 2768 465 1029 2769 453 1036 2770 433 1037 2771 465 1029 2772 433 1037 2773 432 1038 2774 465 1029 2775 432 1038 2776 446 1039 2777 465 1029 2778 446 1039 2779 451 1040 2780 465 1029 2781 451 1040 2782 450 1027 2783 468 992 2784 477 993 2785 502 992 2786 502 992 2787 455 993 2788 468 992 2789 503 1041 2790 476 1042 2791 473 974 2792 473 974 2793 472 973 2794 503 1041 2795 446 915 2796 445 914 2797 448 1043 2798 448 1043 2799 451 1044 2800 446 915 2801 352 878 2802 351 906 2803 443 907 2804 443 907 2805 427 879 2806 352 878 2807 399 799 2808 415 839 2809 382 769 2810 382 769 2811 359 748 2812 399 799 2813 368 812 2814 403 843 2815 415 839 2816 415 839 2817 399 799 2818 368 812 2819 348 749 2820 359 748 2821 382 769 2822 382 769 2823 349 775 2824 348 749 2825 401 803 2826 350 802 2827 353 783 2828 353 783 2829 377 782 2830 401 803 2831 373 766 2832 354 743 2833 357 742 2834 357 742 2835 374 767 2836 373 766 2837 383 779 2838 345 778 2839 400 801 2840 400 801 2841 402 800 2842 383 779 2843 347 908 2844 346 928 2845 407 929 2846 407 929 2847 410 909 2848 347 908 2849 476 1042 2850 503 1041 2851 502 1004 2852 502 1004 2853 477 1005 2854 476 1042 2855 456 1006 2856 504 1006 2857 505 1006 2858 505 1006 2859 506 1006 2860 456 1006 2861 502 1045 2862 503 1046 2863 507 1047 2864 507 1047 2865 504 1048 2866 502 1045 2867 475 1049 2868 458 930 2869 457 933 2870 457 933 2871 508 1050 2872 475 1049 2873 503 1046 2874 472 1051 2875 509 1052 2876 509 1052 2877 507 1047 2878 503 1046 2879 472 1051 2880 475 1049 2881 508 1050 2882 508 1050 2883 509 1052 2884 472 1051 2885 455 931 2886 502 1045 2887 504 1048 2888 504 1048 2889 456 932 2890 455 931 2891 506 1053 2892 505 999 2893 510 1054 2894 506 1053 2895 510 1054 2896 511 1055 2897 506 1053 2898 511 1055 2899 512 999 2900 512 999 2901 513 999 2902 506 1053 2903 509 1056 2904 508 1057 2905 512 1058 2906 512 1058 2907 511 1059 2908 509 1056 2909 504 1021 2910 507 1060 2911 510 1061 2912 510 1061 2913 505 1022 2914 504 1021 2915 507 1060 2916 509 1056 2917 511 1059 2918 511 1059 2919 510 1061 2920 507 1060 2921 457 1062 2922 456 1024 2923 506 1023 2924 506 1023 2925 513 1063 2926 457 1062 2927 508 1057 2928 457 1062 2929 513 1063 2930 513 1063 2931 512 1058 2932 508 1057 2933 470 970 2934 421 969 2935 430 925 2936 430 925 2937 454 924 2938 470 970 2939</p>
        </triangles>
      </mesh>
    </geometry>
  </library_geometries>
  <library_visual_scenes>
    <visual_scene id="Scene" name="Scene">
      <node id="Chest_lid" name="Chest lid" type="NODE">
        <matrix sid="transform">1 0 0 0 0 1 1.62921e-7 1.05 0 -1.62921e-7 1 1.8 0 0 0 1</matrix>
        <instance_geometry url="#Cube_002-mesh" name="Chest lid">
          <bind_material>
            <technique_common>
              <instance_material symbol="Chest-material" target="#Chest-material">
                <bind_vertex_input semantic="Attribute" input_semantic="TEXCOORD" input_set="0"/>
              </instance_material>
            </technique_common>
          </bind_material>
        </instance_geometry>
      </node>
      <node id="Chest_base" name="Chest base" type="NODE">
        <matrix sid="transform">1 0 0 0 0 1 1.62921e-7 0 0 -1.62921e-7 1 0 0 0 0 1</matrix>
        <instance_geometry url="#Cube_001-mesh" name="Chest base">
          <bind_material>
            <technique_common>
              <instance_material symbol="Chest-material" target="#Chest-material">
                <bind_vertex_input semantic="Attribute" input_semantic="TEXCOORD" input_set="0"/>
              </instance_material>
            </technique_common>
          </bind_material>
        </instance_geometry>
      </node>
    </visual_scene>
  </library_visual_scenes>
  <scene>
    <instance_visual_scene url="#Scene"/>
  </scene>
</COLLADA>